This is pdfTeX, Version 3.141592653-2.6-1.40.28 (TeX Live 2025) (preloaded format=pdflatex 2025.9.28)  23 JAN 2026 00:44
entering extended mode
 restricted \write18 enabled.
 file:line:error style messages enabled.
 %&-line parsing enabled.
**c:/Users/cl415/Desktop/IC(CCP)/tfm/tfm_repo/tfm
(c:/Users/cl415/Desktop/IC(CCP)/tfm/tfm_repo/tfm.tex
LaTeX2e <2025-06-01> patch level 1
L3 programming layer <2025-09-02>
(c:/texlive/2025/texmf-dist/tex/latex/memoir/memoir.cls
Document Class: memoir 2025/03/10 v3.8.3b configurable book, report, article document class
(c:/texlive/2025/texmf-dist/tex/latex/xpatch/xpatch.sty (c:/texlive/2025/texmf-dist/tex/latex/l3kernel/expl3.sty
Package: expl3 2025-09-02 L3 programming layer (loader) 
 (c:/texlive/2025/texmf-dist/tex/latex/l3backend/l3backend-pdftex.def
File: l3backend-pdftex.def 2025-06-09 L3 backend support: PDF output (pdfTeX)
\l__color_backend_stack_int=\count275
))
Package: xpatch 2020/03/25 v0.3a Extending etoolbox patching commands
 (c:/texlive/2025/texmf-dist/tex/latex/l3packages/xparse/xparse.sty
Package: xparse 2024-08-16 L3 Experimental document command parser
) (c:/texlive/2025/texmf-dist/tex/latex/etoolbox/etoolbox.sty
Package: etoolbox 2025/02/11 v2.5l e-TeX tools for LaTeX (JAW)
\etb@tempcnta=\count276
))
\onelineskip=\skip49
\lxvchars=\skip50
\xlvchars=\skip51
\@memcnta=\count277
\c@@memmarkcntra=\count278
 (c:/texlive/2025/texmf-dist/tex/generic/iftex/iftex.sty
Package: iftex 2024/12/12 v1.0g TeX engine tests
)
\trimtop=\skip52
\trimedge=\skip53
 (c:/texlive/2025/texmf-dist/tex/latex/base/fleqn.clo
File: fleqn.clo 2016/12/29 v1.2b Standard LaTeX option (flush left equations)
\mathindent=\skip54
Applying: [2015/01/01] Make \[ robust on input line 50.
LaTeX Info: Redefining \[ on input line 51.
Already applied: [0000/00/00] Make \[ robust on input line 62.
Applying: [2015/01/01] Make \] robust on input line 74.
LaTeX Info: Redefining \] on input line 75.
Already applied: [0000/00/00] Make \] robust on input line 83.
) (c:/texlive/2025/texmf-dist/tex/latex/memoir/mem12.clo
File: mem12.clo 2022/07/29 v0.5 memoir class 12pt size option
)
\binding=\skip55
\spinemargin=\skip56
\foremargin=\skip57
\uppermargin=\skip58
\lowermargin=\skip59
\headdrop=\skip60
\normalrulethickness=\skip61
\mem@maxheadheight=\skip62
\mem@maxfootheight=\skip63
\headwidth=\skip64
\c@storedpagenumber=\count279
\memPD=\dimen148
\m@mabparskip=\skip65
\thanksmarkwidth=\skip66
\thanksmarksep=\skip67
\droptitle=\skip68
\c@book=\count280
\c@part=\count281
\c@chapter=\count282
\c@section=\count283
\c@subsection=\count284
\c@subsubsection=\count285
\c@paragraph=\count286
\c@subparagraph=\count287
\beforechapskip=\skip69
\midchapskip=\skip70
\afterchapskip=\skip71
\chapindent=\skip72
\bottomsectionskip=\skip73
\secindent=\skip74
\beforesecskip=\skip75
\aftersecskip=\skip76
\subsecindent=\skip77
\beforesubsecskip=\skip78
\aftersubsecskip=\skip79
\subsubsecindent=\skip80
\beforesubsubsecskip=\skip81
\aftersubsubsecskip=\skip82
\paraindent=\skip83
\beforeparaskip=\skip84
\afterparaskip=\skip85
\subparaindent=\skip86
\beforesubparaskip=\skip87
\aftersubparaskip=\skip88
\pfbreakskip=\skip89
\c@@ppsavesec=\count288
\c@@ppsaveapp=\count289
\ragrparindent=\dimen149
\everylistparindent=\dimen150
\parsepi=\skip90
\topsepi=\skip91
\itemsepi=\skip92
\parsepii=\skip93
\topsepii=\skip94
\topsepiii=\skip95
\itemsepii=\skip96
\itemsepiii=\skip97
\partopsepii=\skip98
\partopsepiii=\skip99
\m@msavetopsep=\skip100
\m@msavepartopsep=\skip101
\@enLab=\toks17
\abstitleskip=\skip102
\absleftindent=\skip103
\abs@leftindent=\dimen151
\absrightindent=\skip104
\absparindent=\skip105
\absparsep=\skip106
\c@vslineno=\count290
\c@poemline=\count291
\c@modulo@vs=\count292
\c@memfvsline=\count293
\vleftskip=\skip107
\vrightskip=\skip108
\stanzaskip=\skip109
\versewidth=\skip110
\vgap=\skip111
\vindent=\skip112
\vleftmargin=\dimen152
\c@verse=\count294
\c@chrsinstr=\count295
\beforepoemtitleskip=\skip113
\afterpoemtitleskip=\skip114
\c@poem=\count296
\beforePoemTitleskip=\skip115
\midPoemTitleskip=\skip116
\afterPoemTitleskip=\skip117
 (c:/texlive/2025/texmf-dist/tex/latex/tools/array.sty
Package: array 2025/06/08 v2.6j Tabular extension package (FMi)
\col@sep=\dimen153
\ar@mcellbox=\box53
\extrarowheight=\dimen154
\NC@list=\toks18
\extratabsurround=\skip118
\backup@length=\skip119
\ar@cellbox=\box54
) (c:/texlive/2025/texmf-dist/tex/latex/tools/dcolumn.sty
Package: dcolumn 2023/07/08 v1.06 decimal alignment package (DPC)
) (c:/texlive/2025/texmf-dist/tex/latex/tools/delarray.sty
Package: delarray 2014/10/28 v1.01 array delimiter package (DPC)
) (c:/texlive/2025/texmf-dist/tex/latex/tools/tabularx.sty
Package: tabularx 2023/12/11 v2.12a `tabularx' package (DPC)
\TX@col@width=\dimen155
\TX@old@table=\dimen156
\TX@old@col=\dimen157
\TX@target=\dimen158
\TX@delta=\dimen159
\TX@cols=\count297
\TX@ftn=\toks19
) (c:/texlive/2025/texmf-dist/tex/latex/booktabs/booktabs.sty
Package: booktabs 2020/01/12 v1.61803398 Publication quality tables
\heavyrulewidth=\dimen160
\lightrulewidth=\dimen161
\cmidrulewidth=\dimen162
\belowrulesep=\dimen163
\belowbottomsep=\dimen164
\aboverulesep=\dimen165
\abovetopsep=\dimen166
\cmidrulesep=\dimen167
\cmidrulekern=\dimen168
\defaultaddspace=\dimen169
\@cmidla=\count298
\@cmidlb=\count299
\@aboverulesep=\dimen170
\@belowrulesep=\dimen171
\@thisruleclass=\count300
\@lastruleclass=\count301
\@thisrulewidth=\dimen172
)
\ctableftskip=\skip120
\ctabrightskip=\skip121
\abovecolumnspenalty=\count302
\@linestogo=\count303
\@cellstogo=\count304
\@cellsincolumn=\count305
\crtok=\toks20
\@mincolumnwidth=\dimen173
\c@newflo@tctr=\count306
\mem@margin@floatbox=\box55
\@contcwidth=\skip122
\@contindw=\skip123
\abovecaptionskip=\skip124
\belowcaptionskip=\skip125
\subfloattopskip=\skip126
\subfloatcapskip=\skip127
\subfloatcaptopadj=\skip128
\subfloatbottomskip=\skip129
\subfloatlabelskip=\skip130
\subfloatcapmargin=\dimen174
\c@@contsubnum=\count307
\m@mscap@capbox=\box56
\m@mscap@fbox=\box57
\sidecapsep=\dimen175
\sidecapwidth=\dimen176
\m@m@tempdima=\dimen177
\m@mscapraise=\dimen178
\sidecapraise=\dimen179
\m@mscapmainwidth=\dimen180
\m@mscaplkern=\dimen181
\beforeepigraphskip=\skip131
\afterepigraphskip=\skip132
\epigraphwidth=\skip133
\epigraphrule=\skip134
LaTeX Info: Redefining \em on input line 7017.
LaTeX Info: Redefining \emph on input line 7025.
 (c:/texlive/2025/texmf-dist/tex/latex/hyperref/nameref.sty
Package: nameref 2025-06-21 v2.57 Cross-referencing by name of section
 (c:/texlive/2025/texmf-dist/tex/latex/refcount/refcount.sty
Package: refcount 2019/12/15 v3.6 Data extraction from label references (HO)
 (c:/texlive/2025/texmf-dist/tex/generic/ltxcmds/ltxcmds.sty
Package: ltxcmds 2023-12-04 v1.26 LaTeX kernel commands for general use (HO)
) (c:/texlive/2025/texmf-dist/tex/generic/infwarerr/infwarerr.sty
Package: infwarerr 2019/12/03 v1.5 Providing info/warning/error messages (HO)
)) (c:/texlive/2025/texmf-dist/tex/generic/gettitlestring/gettitlestring.sty
Package: gettitlestring 2019/12/15 v1.6 Cleanup title references (HO)
 (c:/texlive/2025/texmf-dist/tex/latex/kvoptions/kvoptions.sty
Package: kvoptions 2022-06-15 v3.15 Key value format for package options (HO)
 (c:/texlive/2025/texmf-dist/tex/latex/graphics/keyval.sty
Package: keyval 2022/05/29 v1.15 key=value parser (DPC)
\KV@toks@=\toks21
) (c:/texlive/2025/texmf-dist/tex/latex/kvsetkeys/kvsetkeys.sty
Package: kvsetkeys 2022-10-05 v1.19 Key value parser (HO)
)))
\c@section@level=\count308
)
\tocentryskip=\skip135
\tocbaseline=\skip136
\cftparskip=\skip137
\cftbeforebookskip=\skip138
\cftbookindent=\dimen182
\cftbooknumwidth=\dimen183
\cftbeforepartskip=\skip139
\cftpartindent=\skip140
\cftpartnumwidth=\skip141
\cftbeforechapterskip=\skip142
\cftchapterindent=\skip143
\cftchapternumwidth=\skip144
\cftbeforesectionskip=\skip145
\cftsectionindent=\skip146
\cftsectionnumwidth=\skip147
\cftbeforesubsectionskip=\skip148
\cftsubsectionindent=\skip149
\cftsubsectionnumwidth=\skip150
\cftbeforesubsubsectionskip=\skip151
\cftsubsubsectionindent=\skip152
\cftsubsubsectionnumwidth=\skip153
\cftbeforeparagraphskip=\skip154
\cftparagraphindent=\skip155
\cftparagraphnumwidth=\skip156
\cftbeforesubparagraphskip=\skip157
\cftsubparagraphindent=\skip158
\cftsubparagraphnumwidth=\skip159
\prechapterprecisshift=\dimen184
\c@maxsecnumdepth=\count309
\bibindent=\dimen185
\bibitemsep=\skip160
\indexcolsep=\skip161
\indexrule=\skip162
\indexmarkstyle=\toks22
\@indexbox=\insert252
LaTeX Info: Redefining \raggedbottom on input line 8108.
LaTeX Info: Redefining \flushbottom on input line 8112.
\glossarycolsep=\dimen186
\glossaryrule=\dimen187
\sideparvshift=\skip163
\sideins=\insert251
\sidebartopsep=\skip164
\sidebarhsep=\skip165
\sidebarvsep=\skip166
\sidebarwidth=\skip167
\footmarkwidth=\skip168
\footmarksep=\skip169
\footparindent=\skip170
\footinsdim=\skip171
\footinsv@r=\insert250
\@mpfootinsv@r=\insert249
\m@m@k=\count310
\m@m@h=\dimen188
\m@mipn@skip=\skip172
\sidefootins=\insert248
\sidefootadjust=\skip173
\sidefootheight=\skip174
\sidefoothsep=\skip175
\sidefootvsep=\skip176
\sidefootwidth=\skip177
\m@mdownsf=\skip178
\c@sidefootnote=\count311
\sidefootmarkwidth=\skip179
\sidefootmarksep=\skip180
\sidefootparindent=\skip181
\c@pagenote=\count312

patch 2 for \immediateaddtocontents failed
\c@pagenoteshadow=\count313
\mem@pn@lastkern=\skip182
(c:/texlive/2025/texmf-dist/tex/latex/tools/verbatim.sty
Package: verbatim 2024-01-22 v1.5x LaTeX2e package for verbatim enhancements
\every@verbatim=\toks23
\verbatim@line=\toks24
\verbatim@in@stream=\read2
)
\verbatimindent=\skip183
\verbatim@out=\write3
 (c:/texlive/2025/texmf-dist/tex/latex/base/shortvrb.sty
Package: shortvrb 2024/12/25 v3.0q Standard LaTeX documentation package V3 (FMi)
)
\bvboxsep=\skip184
\c@memfbvline=\count314
\c@bvlinectr=\count315
\bvnumlength=\skip185
\fb@frw=\dimen189
\fb@frh=\dimen190
\FrameRule=\dimen191
\FrameSep=\dimen192
\c@cp@cntr=\count316
\c@ism@mctr=\count317
\c@xsm@mctr=\count318
\c@csm@mctr=\count319
\c@ksm@mctr=\count320
\c@xksm@mctr=\count321
\c@cksm@mctr=\count322
\c@msm@mctr=\count323
\c@xmsm@mctr=\count324
\c@cmsm@mctr=\count325
\c@bsm@mctr=\count326
\c@workm@mctr=\count327
\c@sheetsequence=\count328
\c@lastsheet=\count329
\c@lastpage=\count330
 (c:/texlive/2025/texmf-dist/tex/latex/textcase/textcase.sty
Package: textcase 2025/02/16 v1.05 Text only upper/lower case changing (DPC)
Package textcase Info: Defining Legacy names on input line 20.
)
\c@figure=\count331
\c@lofdepth=\count332
\cftbeforefigureskip=\skip186
\cftfigureindent=\skip187
\cftfigurenumwidth=\skip188
\c@table=\count333
\c@lotdepth=\count334
\cftbeforetableskip=\skip189
\cfttableindent=\skip190
\cfttablenumwidth=\skip191
Package abstract [2008/07/23] emulated by memoir.
Package appendix [2008/07/23] emulated by memoir.
Package ccaption [2008/07/23] emulated by memoir.
Package changepage [2008/07/23] emulated by memoir.
Package chngcntr [2008/07/23] emulated by memoir.
Package chngpage [2008/07/23] emulated by memoir.
Package crop emulated by memoir.
Package enumerate [2008/07/23] emulated by memoir.
Package epigraph [2008/07/23] emulated by memoir.
Package ifmtarg [2008/07/23] emulated by memoir.
Package index [2008/07/23] emulated by memoir.
Package makeidx [2008/07/23] emulated by memoir.
Package moreverb [2008/07/23] emulated by memoir.
Package needspace [2008/07/23] emulated by memoir.
Package newfile [2008/07/23] emulated by memoir.
Package nextpage [2008/07/23] emulated by memoir.
Package pagenote [2008/07/23] emulated by memoir.
Package parskip [2008/07/23] emulated by memoir.
Package patchcmd [2008/07/23] emulated by memoir.
Package setspace [2008/07/23] emulated by memoir.
Package showidx [2008/07/23] emulated by memoir.
Package titleref [2008/07/23] emulated by memoir.
Package titling [2008/07/23] emulated by memoir.
Package tocbibind [2008/07/23] emulated by memoir.
Package tocloft [2008/07/23] emulated by memoir.
Package tocvsec2 [2008/07/23] emulated by memoir.
Package verse [2008/07/23] emulated by memoir.
) (./structure_notrim_small_margins.tex (c:/texlive/2025/texmf-dist/tex/latex/base/inputenc.sty
Package: inputenc 2024/02/08 v1.3d Input encoding file
\inpenc@prehook=\toks25
\inpenc@posthook=\toks26
)
   defining Unicode char U+2010 (decimal 8208)
 (c:/texlive/2025/texmf-dist/tex/latex/natbib/natbib.sty
Package: natbib 2010/09/13 8.31b (PWD, AO)
\bibhang=\skip192
\bibsep=\skip193
LaTeX Info: Redefining \cite on input line 694.
\c@NAT@ctr=\count335
) (c:/texlive/2025/texmf-dist/tex/latex/graphics/graphicx.sty
Package: graphicx 2024/12/31 v1.2e Enhanced LaTeX Graphics (DPC,SPQR)
 (c:/texlive/2025/texmf-dist/tex/latex/graphics/graphics.sty
Package: graphics 2024/08/06 v1.4g Standard LaTeX Graphics (DPC,SPQR)
 (c:/texlive/2025/texmf-dist/tex/latex/graphics/trig.sty
Package: trig 2023/12/02 v1.11 sin cos tan (DPC)
) (c:/texlive/2025/texmf-dist/tex/latex/graphics-cfg/graphics.cfg
File: graphics.cfg 2016/06/04 v1.11 sample graphics configuration
)
Package graphics Info: Driver file: pdftex.def on input line 106.
 (c:/texlive/2025/texmf-dist/tex/latex/graphics-def/pdftex.def
File: pdftex.def 2024/04/13 v1.2c Graphics/color driver for pdftex
))
\Gin@req@height=\dimen193
\Gin@req@width=\dimen194
) (c:/texlive/2025/texmf-dist/tex/latex/graphics/color.sty
Package: color 2025/01/14 v1.3e Standard LaTeX Color (DPC)
 (c:/texlive/2025/texmf-dist/tex/latex/graphics-cfg/color.cfg
File: color.cfg 2016/01/02 v1.6 sample color configuration
)
Package color Info: Driver file: pdftex.def on input line 149.
 (c:/texlive/2025/texmf-dist/tex/latex/graphics/mathcolor.ltx)) (c:/texlive/2025/texmf-dist/tex/latex/amsmath/amsmath.sty
Package: amsmath 2025/06/16 v2.17y AMS math features
\@mathmargin=\skip194

For additional information on amsmath, use the `?' option.
(c:/texlive/2025/texmf-dist/tex/latex/amsmath/amstext.sty
Package: amstext 2024/11/17 v2.01 AMS text
 (c:/texlive/2025/texmf-dist/tex/latex/amsmath/amsgen.sty
File: amsgen.sty 1999/11/30 v2.0 generic functions
\@emptytoks=\toks27
\ex@=\dimen195
)) (c:/texlive/2025/texmf-dist/tex/latex/amsmath/amsbsy.sty
Package: amsbsy 1999/11/29 v1.2d Bold Symbols
\pmbraise@=\dimen196
) (c:/texlive/2025/texmf-dist/tex/latex/amsmath/amsopn.sty
Package: amsopn 2022/04/08 v2.04 operator names
)
\inf@bad=\count336
LaTeX Info: Redefining \frac on input line 233.
\uproot@=\count337
\leftroot@=\count338
LaTeX Info: Redefining \overline on input line 398.
LaTeX Info: Redefining \colon on input line 409.
\classnum@=\count339
\DOTSCASE@=\count340
LaTeX Info: Redefining \ldots on input line 495.
LaTeX Info: Redefining \dots on input line 498.
LaTeX Info: Redefining \cdots on input line 619.
\Mathstrutbox@=\box58
\strutbox@=\box59
LaTeX Info: Redefining \big on input line 721.
LaTeX Info: Redefining \Big on input line 722.
LaTeX Info: Redefining \bigg on input line 723.
LaTeX Info: Redefining \Bigg on input line 724.
\big@size=\dimen197
LaTeX Font Info:    Redeclaring font encoding OML on input line 742.
LaTeX Font Info:    Redeclaring font encoding OMS on input line 743.
\macc@depth=\count341
LaTeX Info: Redefining \bmod on input line 904.
LaTeX Info: Redefining \pmod on input line 909.
LaTeX Info: Redefining \smash on input line 939.
LaTeX Info: Redefining \relbar on input line 969.
LaTeX Info: Redefining \Relbar on input line 970.
\c@MaxMatrixCols=\count342
\dotsspace@=\muskip17
\c@parentequation=\count343
\dspbrk@lvl=\count344
\tag@help=\toks28
\row@=\count345
\column@=\count346
\maxfields@=\count347
\andhelp@=\toks29
\eqnshift@=\dimen198
\alignsep@=\dimen199
\tagshift@=\dimen256
\tagwidth@=\dimen257
\totwidth@=\dimen258
\lineht@=\dimen259
\@envbody=\toks30
\multlinegap=\skip195
\multlinetaggap=\skip196
\mathdisplay@stack=\toks31
LaTeX Info: Redefining \[ on input line 2949.
LaTeX Info: Redefining \] on input line 2950.
) (c:/texlive/2025/texmf-dist/tex/latex/amsfonts/amssymb.sty
Package: amssymb 2013/01/14 v3.01 AMS font symbols
 (c:/texlive/2025/texmf-dist/tex/latex/amsfonts/amsfonts.sty
Package: amsfonts 2013/01/14 v3.01 Basic AMSFonts support
\symAMSa=\mathgroup4
\symAMSb=\mathgroup5
LaTeX Font Info:    Redeclaring math symbol \hbar on input line 98.
LaTeX Font Info:    Overwriting math alphabet `\mathfrak' in version `bold'
(Font)                  U/euf/m/n --> U/euf/b/n on input line 106.
)) (c:/texlive/2025/texmf-dist/tex/latex/tools/theorem.sty
Package: theorem 2024/08/06 v2.2c Theorem extension package (FMi)
\theorem@style=\toks32
\theorem@bodyfont=\toks33
\theorempreskipamount=\skip197
\theorempostskipamount=\skip198
 (c:/texlive/2025/texmf-dist/tex/latex/tools/thp.sty
File: thp.sty 2024/08/06 v2.2c Theorem extension package (FMi)
)) (c:/texlive/2025/texmf-dist/tex/latex/mathtools/mathtools.sty
Package: mathtools 2024/10/04 v1.31 mathematical typesetting tools
 (c:/texlive/2025/texmf-dist/tex/latex/tools/calc.sty
Package: calc 2025/03/01 v4.3b Infix arithmetic (KKT,FJ)
\calc@Acount=\count348
\calc@Bcount=\count349
\calc@Adimen=\dimen260
\calc@Bdimen=\dimen261
\calc@Askip=\skip199
\calc@Bskip=\skip256
LaTeX Info: Redefining \setlength on input line 86.
LaTeX Info: Redefining \addtolength on input line 87.
\calc@Ccount=\count350
\calc@Cskip=\skip257
) (c:/texlive/2025/texmf-dist/tex/latex/mathtools/mhsetup.sty
Package: mhsetup 2021/03/18 v1.4 programming setup (MH)
)
\g_MT_multlinerow_int=\count351
\l_MT_multwidth_dim=\dimen262
\origjot=\skip258
\l_MT_shortvdotswithinadjustabove_dim=\dimen263
\l_MT_shortvdotswithinadjustbelow_dim=\dimen264
\l_MT_above_intertext_sep=\dimen265
\l_MT_below_intertext_sep=\dimen266
\l_MT_above_shortintertext_sep=\dimen267
\l_MT_below_shortintertext_sep=\dimen268
\xmathstrut@box=\box60
\xmathstrut@dim=\dimen269
) (c:/texlive/2025/texmf-dist/tex/latex/listings/listings.sty
\lst@mode=\count352
\lst@gtempboxa=\box61
\lst@token=\toks34
\lst@length=\count353
\lst@currlwidth=\dimen270
\lst@column=\count354
\lst@pos=\count355
\lst@lostspace=\dimen271
\lst@width=\dimen272
\lst@newlines=\count356
\lst@lineno=\count357
\lst@maxwidth=\dimen273
 (c:/texlive/2025/texmf-dist/tex/latex/listings/lstpatch.sty
File: lstpatch.sty 2024/09/23 1.10c (Carsten Heinz)
) (c:/texlive/2025/texmf-dist/tex/latex/listings/lstmisc.sty
File: lstmisc.sty 2024/09/23 1.10c (Carsten Heinz)
\c@lstnumber=\count358
\lst@skipnumbers=\count359
\lst@framebox=\box62
) (c:/texlive/2025/texmf-dist/tex/latex/listings/listings.cfg
File: listings.cfg 2024/09/23 1.10c listings configuration
))
Package: listings 2024/09/23 1.10c (Carsten Heinz)
 (c:/texlive/2025/texmf-dist/tex/latex/tools/xspace.sty
Package: xspace 2014/10/28 v1.13 Space after command names (DPC,MH)
) (c:/texlive/2025/texmf-dist/tex/latex/acronym/acronym.sty
Package: acronym 2025/01/17 v1.50 Support for acronyms (Tobias Oetiker)
 (c:/texlive/2025/texmf-dist/tex/latex/bigfoot/suffix.sty
Package: suffix 2006/07/15 1.5a Variant command support
) (c:/texlive/2025/texmf-dist/tex/generic/xstring/xstring.sty (c:/texlive/2025/texmf-dist/tex/generic/xstring/xstring.tex
\xs_counta=\count360
\xs_countb=\count361
)
Package: xstring 2023/08/22 v1.86 String manipulations (CT)
)
\AC@clearlist=\toks35
) (c:/texlive/2025/texmf-dist/tex/latex/graphics/rotating.sty
Package: rotating 2025/01/14 v2.16e rotated objects in LaTeX
 (c:/texlive/2025/texmf-dist/tex/latex/base/ifthen.sty
Package: ifthen 2024/03/16 v1.1e Standard LaTeX ifthen package (DPC)
)
\c@r@tfl@t=\count362
\rotFPtop=\skip259
\rotFPbot=\skip260
\rot@float@box=\box63
\rot@mess@toks=\toks36
) (c:/texlive/2025/texmf-dist/tex/latex/hyperref/hyperref.sty
Package: hyperref 2025-07-12 v7.01o Hypertext links for LaTeX
 (c:/texlive/2025/texmf-dist/tex/generic/kvdefinekeys/kvdefinekeys.sty
Package: kvdefinekeys 2019-12-19 v1.6 Define keys (HO)
) (c:/texlive/2025/texmf-dist/tex/generic/pdfescape/pdfescape.sty
Package: pdfescape 2019/12/09 v1.15 Implements pdfTeX's escape features (HO)
 (c:/texlive/2025/texmf-dist/tex/generic/pdftexcmds/pdftexcmds.sty
Package: pdftexcmds 2020-06-27 v0.33 Utility functions of pdfTeX for LuaTeX (HO)
Package pdftexcmds Info: \pdf@primitive is available.
Package pdftexcmds Info: \pdf@ifprimitive is available.
Package pdftexcmds Info: \pdfdraftmode found.
)) (c:/texlive/2025/texmf-dist/tex/latex/hycolor/hycolor.sty
Package: hycolor 2020-01-27 v1.10 Color options for hyperref/bookmark (HO)
) (c:/texlive/2025/texmf-dist/tex/generic/stringenc/stringenc.sty
Package: stringenc 2019/11/29 v1.12 Convert strings between diff. encodings (HO)
)
\@linkdim=\dimen274
\Hy@linkcounter=\count363
\Hy@pagecounter=\count364
 (c:/texlive/2025/texmf-dist/tex/latex/hyperref/pd1enc.def
File: pd1enc.def 2025-07-12 v7.01o Hyperref: PDFDocEncoding definition (HO)
Now handling font encoding PD1 ...
... no UTF-8 mapping file for font encoding PD1
) (c:/texlive/2025/texmf-dist/tex/generic/intcalc/intcalc.sty
Package: intcalc 2019/12/15 v1.3 Expandable calculations with integers (HO)
)
\Hy@SavedSpaceFactor=\count365
 (c:/texlive/2025/texmf-dist/tex/latex/hyperref/puenc.def
File: puenc.def 2025-07-12 v7.01o Hyperref: PDF Unicode definition (HO)
Now handling font encoding PU ...
... no UTF-8 mapping file for font encoding PU
)
Package hyperref Info: Option `hypertexnames' set `false' on input line 4066.
Package hyperref Info: Hyper figures OFF on input line 4195.
Package hyperref Info: Link nesting OFF on input line 4200.
Package hyperref Info: Hyper index ON on input line 4203.
Package hyperref Info: Plain pages OFF on input line 4210.
Package hyperref Info: Backreferencing OFF on input line 4215.
Package hyperref Info: Implicit mode ON; LaTeX internals redefined.
Package hyperref Info: Bookmarks ON on input line 4462.
\c@Hy@tempcnt=\count366
 (c:/texlive/2025/texmf-dist/tex/latex/url/url.sty
\Urlmuskip=\muskip18
Package: url 2013/09/16  ver 3.4  Verb mode for urls, etc.
)
LaTeX Info: Redefining \url on input line 4801.
\XeTeXLinkMargin=\dimen275
 (c:/texlive/2025/texmf-dist/tex/generic/bitset/bitset.sty
Package: bitset 2019/12/09 v1.3 Handle bit-vector datatype (HO)
 (c:/texlive/2025/texmf-dist/tex/generic/bigintcalc/bigintcalc.sty
Package: bigintcalc 2019/12/15 v1.5 Expandable calculations on big integers (HO)
))
\Fld@menulength=\count367
\Field@Width=\dimen276
\Fld@charsize=\dimen277
Package hyperref Info: Hyper figures OFF on input line 6078.
Package hyperref Info: Link nesting OFF on input line 6083.
Package hyperref Info: Hyper index ON on input line 6086.
Package hyperref Info: backreferencing OFF on input line 6093.
Package hyperref Info: Link coloring OFF on input line 6098.
Package hyperref Info: Link coloring with OCG OFF on input line 6103.
Package hyperref Info: PDF/A mode OFF on input line 6108.
\Hy@abspage=\count368
\c@Item=\count369
\c@Hfootnote=\count370
)
Package hyperref Info: Driver (autodetected): hpdftex.
 (c:/texlive/2025/texmf-dist/tex/latex/hyperref/hpdftex.def
File: hpdftex.def 2025-07-12 v7.01o Hyperref driver for pdfTeX
\Fld@listcount=\count371
\c@bookmark@seq@number=\count372
 (c:/texlive/2025/texmf-dist/tex/latex/rerunfilecheck/rerunfilecheck.sty
Package: rerunfilecheck 2025-06-21 v1.11 Rerun checks for auxiliary files (HO)
 (c:/texlive/2025/texmf-dist/tex/generic/uniquecounter/uniquecounter.sty
Package: uniquecounter 2019/12/15 v1.4 Provide unlimited unique counter (HO)
)
Package uniquecounter Info: New unique counter `rerunfilecheck' on input line 284.
)
\Hy@SectionHShift=\skip261
) (c:/texlive/2025/texmf-dist/tex/latex/memoir/memhfixc.sty
Package: memhfixc 2025/03/06 v1.23 hyperref package fixes for memoir class
\c@memhycontfloat=\count373
\c@mem@Hpagenote=\count374
) (c:/texlive/2025/texmf-dist/tex/latex/microtype/microtype.sty
Package: microtype 2025/07/09 v3.2b Micro-typographical refinements (RS)
\MT@toks=\toks37
\MT@tempbox=\box64
\MT@count=\count375
LaTeX Info: Redefining \noprotrusionifhmode on input line 1087.
LaTeX Info: Redefining \leftprotrusion on input line 1088.
\MT@prot@toks=\toks38
LaTeX Info: Redefining \rightprotrusion on input line 1107.
LaTeX Info: Redefining \textls on input line 1449.
\MT@outer@kern=\dimen278
LaTeX Info: Redefining \microtypecontext on input line 2053.
LaTeX Info: Redefining \textmicrotypecontext on input line 2070.
\MT@listname@count=\count376
 (c:/texlive/2025/texmf-dist/tex/latex/microtype/microtype-pdftex.def
File: microtype-pdftex.def 2025/07/09 v3.2b Definitions specific to pdftex (RS)
LaTeX Info: Redefining \lsstyle on input line 944.
LaTeX Info: Redefining \lslig on input line 944.
\MT@outer@space=\skip262
)
Package microtype Info: Loading configuration file microtype.cfg.
 (c:/texlive/2025/texmf-dist/tex/latex/microtype/microtype.cfg
File: microtype.cfg 2025/07/09 v3.2b microtype main configuration file (RS)
)
LaTeX Info: Redefining \microtypesetup on input line 3065.
) (c:/texlive/2025/texmf-dist/tex/latex/ibarra/ibarra.sty
Package: ibarra 2024/04/23 (Bob Tennent) Supports IbarraRealNova Real Nova fonts for all LaTeX engines.
 (c:/texlive/2025/texmf-dist/tex/generic/iftex/ifxetex.sty
Package: ifxetex 2019/10/25 v0.7 ifxetex legacy package. Use iftex instead.
) (c:/texlive/2025/texmf-dist/tex/generic/iftex/ifluatex.sty
Package: ifluatex 2019/10/25 v1.5 ifluatex legacy package. Use iftex instead.
) (c:/texlive/2025/texmf-dist/tex/latex/xkeyval/xkeyval.sty
Package: xkeyval 2022/06/16 v2.9 package option processing (HA)
 (c:/texlive/2025/texmf-dist/tex/generic/xkeyval/xkeyval.tex (c:/texlive/2025/texmf-dist/tex/generic/xkeyval/xkvutils.tex
\XKV@toks=\toks39
\XKV@tempa@toks=\toks40
)
\XKV@depth=\count377
File: xkeyval.tex 2014/12/03 v2.7a key=value parser (HA)
)) (c:/texlive/2025/texmf-dist/tex/latex/base/textcomp.sty
Package: textcomp 2024/04/24 v2.1b Standard LaTeX package
) (c:/texlive/2025/texmf-dist/tex/latex/base/fontenc.sty
Package: fontenc 2024/12/21 v2.1c Standard LaTeX package
) (c:/texlive/2025/texmf-dist/tex/latex/fontaxes/fontaxes.sty
Package: fontaxes 2025-05-24 v2.0.1 Font selection axes (deprecated)
 (c:/texlive/2025/texmf-dist/tex/latex/figureversions/figureversions.sty
Package: figureversions 2025-04-29 v1.0.1 Figure versions
))
LaTeX Info: Redefining \oldstylenums on input line 92.
) (c:/texlive/2025/texmf-dist/tex/latex/base/fontenc.sty
Package: fontenc 2024/12/21 v2.1c Standard LaTeX package
LaTeX Font Info:    Trying to load font information for T1+IbarraRealNova-LF on input line 116.
 (c:/texlive/2025/texmf-dist/tex/latex/ibarra/T1IbarraRealNova-LF.fd
File: T1IbarraRealNova-LF.fd 2023/04/18 (autoinst) Font definitions for T1/IbarraRealNova-LF.
)
LaTeX Font Info:    Font shape `T1/IbarraRealNova-LF/m/n' will be
(Font)              scaled to size 12.0pt on input line 116.
) (c:/texlive/2025/texmf-dist/tex/latex/mdframed/mdframed.sty
Package: mdframed 2013/07/01 1.9b: mdframed
 (c:/texlive/2025/texmf-dist/tex/latex/zref/zref-abspage.sty
Package: zref-abspage 2025-06-08 v2.36 Module abspage for zref (HO)
 (c:/texlive/2025/texmf-dist/tex/latex/zref/zref-base.sty
Package: zref-base 2025-06-08 v2.36 Module base for zref (HO)
 (c:/texlive/2025/texmf-dist/tex/generic/etexcmds/etexcmds.sty
Package: etexcmds 2019/12/15 v1.7 Avoid name clashes with e-TeX commands (HO)
) (c:/texlive/2025/texmf-dist/tex/latex/auxhook/auxhook.sty
Package: auxhook 2019-12-17 v1.6 Hooks for auxiliary files (HO)
)
Package zref Info: New property list: main on input line 767.
Package zref Info: New property: default on input line 768.
Package zref Info: New property: page on input line 769.
)
\c@abspage=\count378
Package zref Info: New property: abspage on input line 67.
)
\mdf@templength=\skip263
\c@mdf@globalstyle@cnt=\count379
\mdf@skipabove@length=\skip264
\mdf@skipbelow@length=\skip265
\mdf@leftmargin@length=\skip266
\mdf@rightmargin@length=\skip267
\mdf@innerleftmargin@length=\skip268
\mdf@innerrightmargin@length=\skip269
\mdf@innertopmargin@length=\skip270
\mdf@innerbottommargin@length=\skip271
\mdf@splittopskip@length=\skip272
\mdf@splitbottomskip@length=\skip273
\mdf@outermargin@length=\skip274
\mdf@innermargin@length=\skip275
\mdf@linewidth@length=\skip276
\mdf@innerlinewidth@length=\skip277
\mdf@middlelinewidth@length=\skip278
\mdf@outerlinewidth@length=\skip279
\mdf@roundcorner@length=\skip280
\mdf@footenotedistance@length=\skip281
\mdf@userdefinedwidth@length=\skip282
\mdf@needspace@length=\skip283
\mdf@frametitleaboveskip@length=\skip284
\mdf@frametitlebelowskip@length=\skip285
\mdf@frametitlerulewidth@length=\skip286
\mdf@frametitleleftmargin@length=\skip287
\mdf@frametitlerightmargin@length=\skip288
\mdf@shadowsize@length=\skip289
\mdf@extratopheight@length=\skip290
\mdf@subtitleabovelinewidth@length=\skip291
\mdf@subtitlebelowlinewidth@length=\skip292
\mdf@subtitleaboveskip@length=\skip293
\mdf@subtitlebelowskip@length=\skip294
\mdf@subtitleinneraboveskip@length=\skip295
\mdf@subtitleinnerbelowskip@length=\skip296
\mdf@subsubtitleabovelinewidth@length=\skip297
\mdf@subsubtitlebelowlinewidth@length=\skip298
\mdf@subsubtitleaboveskip@length=\skip299
\mdf@subsubtitlebelowskip@length=\skip300
\mdf@subsubtitleinneraboveskip@length=\skip301
\mdf@subsubtitleinnerbelowskip@length=\skip302
 (c:/texlive/2025/texmf-dist/tex/latex/mdframed/md-frame-0.mdf
File: md-frame-0.mdf 2013/07/01\ 1.9b: md-frame-0
)
\mdf@frametitlebox=\box65
\mdf@footnotebox=\box66
\mdf@splitbox@one=\box67
\mdf@splitbox@two=\box68
\mdf@splitbox@save=\box69
\mdfsplitboxwidth=\skip303
\mdfsplitboxtotalwidth=\skip304
\mdfsplitboxheight=\skip305
\mdfsplitboxdepth=\skip306
\mdfsplitboxtotalheight=\skip307
\mdfframetitleboxwidth=\skip308
\mdfframetitleboxtotalwidth=\skip309
\mdfframetitleboxheight=\skip310
\mdfframetitleboxdepth=\skip311
\mdfframetitleboxtotalheight=\skip312
\mdffootnoteboxwidth=\skip313
\mdffootnoteboxtotalwidth=\skip314
\mdffootnoteboxheight=\skip315
\mdffootnoteboxdepth=\skip316
\mdffootnoteboxtotalheight=\skip317
\mdftotallinewidth=\skip318
\mdfboundingboxwidth=\skip319
\mdfboundingboxtotalwidth=\skip320
\mdfboundingboxheight=\skip321
\mdfboundingboxdepth=\skip322
\mdfboundingboxtotalheight=\skip323
\mdf@freevspace@length=\skip324
\mdf@horizontalwidthofbox@length=\skip325
\mdf@verticalmarginwhole@length=\skip326
\mdf@horizontalspaceofbox=\skip327
\mdfsubtitleheight=\skip328
\mdfsubsubtitleheight=\skip329
\c@mdfcountframes=\count380

****** mdframed patching \endmdf@trivlist

****** -- success******

\mdf@envdepth=\count381
\c@mdf@env@i=\count382
\c@mdf@env@ii=\count383
\c@mdf@zref@counter=\count384
Package zref Info: New property: mdf@pagevalue on input line 895.
) (c:/texlive/2025/texmf-dist/tex/latex/pdflscape/pdflscape.sty
Package: pdflscape 2025-06-23 v0.14 Display of landscape pages in PDF
 (c:/texlive/2025/texmf-dist/tex/latex/pdflscape/pdflscape-nometadata.sty
Package: pdflscape-nometadata 2025-06-23 v0.14 Display of landscape pages in PDF (HO)
 (c:/texlive/2025/texmf-dist/tex/latex/graphics/lscape.sty
Package: lscape 2020/05/28 v3.02 Landscape Pages (DPC)
)
Package pdflscape Info: Auto-detected driver: pdftex on input line 81.
)) (c:/texlive/2025/texmf-dist/tex/latex/tools/afterpage.sty
Package: afterpage 2023/07/04 v1.08 After-Page Package (DPC)
\AP@output=\toks41
\AP@partial=\box70
\AP@footins=\box71
) (c:/texlive/2025/texmf-dist/tex/latex/tools/longtable.sty
Package: longtable 2024-12-18 v4.23 Multi-page Table package (DPC)
\LTleft=\skip330
\LTright=\skip331
\LTpre=\skip332
\LTpost=\skip333
\LTchunksize=\count385
\LTcapwidth=\dimen279
\LT@head=\box72
\LT@firsthead=\box73
\LT@foot=\box74
\LT@lastfoot=\box75
\LT@gbox=\box76
\LT@cols=\count386
\LT@rows=\count387
\c@LT@tables=\count388
\c@LT@chunks=\count389
\LT@p@ftn=\toks42
) (c:/texlive/2025/texmf-dist/tex/latex/multirow/multirow.sty
Package: multirow 2024/11/12 v2.9 Span multiple rows of a table
\multirow@colwidth=\skip334
\multirow@cntb=\count390
\multirow@dima=\skip335
\bigstrutjot=\dimen280
) (c:/texlive/2025/texmf-dist/tex/latex/fancyvrb/fancyvrb.sty
Package: fancyvrb 2025/07/28 4.6 verbatim text (tvz,hv)
\FV@CodeLineNo=\count391
\FV@InFile=\read3
\FV@TabBox=\box77
\c@FancyVerbLine=\count392
\FV@StepNumber=\count393
\FV@OutFile=\write4
) (c:/texlive/2025/texmf-dist/tex/latex/capt-of/capt-of.sty
Package: capt-of 2009/12/29 v0.2 standard captions outside of floats
) (c:/texlive/2025/texmf-dist/tex/latex/grffile/grffile.sty
Package: grffile 2019/11/11 v2.1 Extended file name support for graphics (legacy)
Package grffile Info: This package is an empty stub for compatibility on input line 40.
) (c:/texlive/2025/texmf-dist/tex/generic/soul/soul.sty
Package: soul 2023-06-14 v3.1 Permit use of UTF-8 characters in soul (HO)
 (c:/texlive/2025/texmf-dist/tex/generic/soul/soul-ori.sty
Package: soul-ori 2023-06-14 v3.1 letterspacing/underlining (mf)
\SOUL@word=\toks43
\SOUL@lasttoken=\toks44
\SOUL@syllable=\toks45
\SOUL@cmds=\toks46
\SOUL@buffer=\toks47
\SOUL@token=\toks48
\SOUL@syllgoal=\dimen281
\SOUL@syllwidth=\dimen282
\SOUL@charkern=\dimen283
\SOUL@hyphkern=\dimen284
\SOUL@dimen=\dimen285
\SOUL@dimeni=\dimen286
\SOUL@minus=\count394
\SOUL@comma=\count395
\SOUL@apo=\count396
\SOUL@grave=\count397
\SOUL@spaceskip=\skip336
\SOUL@ttwidth=\dimen287
\SOUL@uldp=\dimen288
\SOUL@ulht=\dimen289
)) (c:/texlive/2025/texmf-dist/tex/latex/cleveref/cleveref.sty
Package: cleveref 2018/03/27 v0.21.4 Intelligent cross-referencing
LaTeX Info: Redefining \Cref on input line 925.
Package cleveref Info: `hyperref' support loaded on input line 2370.
LaTeX Info: Redefining \cref on input line 2370.
LaTeX Info: Redefining \Cref on input line 2370.
LaTeX Info: Redefining \crefrange on input line 2370.
LaTeX Info: Redefining \Crefrange on input line 2370.
LaTeX Info: Redefining \cpageref on input line 2370.
LaTeX Info: Redefining \Cpageref on input line 2370.
LaTeX Info: Redefining \cpagerefrange on input line 2370.
LaTeX Info: Redefining \Cpagerefrange on input line 2370.
LaTeX Info: Redefining \labelcref on input line 2370.
LaTeX Info: Redefining \labelcpageref on input line 2370.
Package cleveref Info: `listings' support loaded on input line 3131.
Package cleveref Info: always capitalise cross-reference names on input line 7825.
Package cleveref Info: always capitalise cross-reference names on input line 7852.
)
==> First Aid for cleveref.sty applied!
(c:/texlive/2025/texmf-dist/tex/latex/placeins/placeins.sty
Package: placeins 2005/04/18  v 2.2
) (c:/texlive/2025/texmf-dist/tex/latex/pgf/frontendlayer/tikz.sty (c:/texlive/2025/texmf-dist/tex/latex/pgf/basiclayer/pgf.sty (c:/texlive/2025/texmf-dist/tex/latex/pgf/utilities/pgfrcs.sty (c:/texlive/2025/texmf-dist/tex/generic/pgf/utilities/pgfutil-common.tex
\pgfutil@everybye=\toks49
\pgfutil@tempdima=\dimen290
\pgfutil@tempdimb=\dimen291
) (c:/texlive/2025/texmf-dist/tex/generic/pgf/utilities/pgfutil-latex.def
\pgfutil@abb=\box78
) (c:/texlive/2025/texmf-dist/tex/generic/pgf/utilities/pgfrcs.code.tex (c:/texlive/2025/texmf-dist/tex/generic/pgf/pgf.revision.tex)
Package: pgfrcs 2025-08-29 v3.1.11a (3.1.11a)
))
Package: pgf 2025-08-29 v3.1.11a (3.1.11a)
 (c:/texlive/2025/texmf-dist/tex/latex/pgf/basiclayer/pgfcore.sty (c:/texlive/2025/texmf-dist/tex/latex/pgf/systemlayer/pgfsys.sty (c:/texlive/2025/texmf-dist/tex/generic/pgf/systemlayer/pgfsys.code.tex
Package: pgfsys 2025-08-29 v3.1.11a (3.1.11a)
 (c:/texlive/2025/texmf-dist/tex/generic/pgf/utilities/pgfkeys.code.tex
\pgfkeys@pathtoks=\toks50
\pgfkeys@temptoks=\toks51
 (c:/texlive/2025/texmf-dist/tex/generic/pgf/utilities/pgfkeyslibraryfiltered.code.tex
\pgfkeys@tmptoks=\toks52
))
\pgf@x=\dimen292
\pgf@y=\dimen293
\pgf@xa=\dimen294
\pgf@ya=\dimen295
\pgf@xb=\dimen296
\pgf@yb=\dimen297
\pgf@xc=\dimen298
\pgf@yc=\dimen299
\pgf@xd=\dimen300
\pgf@yd=\dimen301
\w@pgf@writea=\write5
\r@pgf@reada=\read4
\c@pgf@counta=\count398
\c@pgf@countb=\count399
\c@pgf@countc=\count400
\c@pgf@countd=\count401
\t@pgf@toka=\toks53
\t@pgf@tokb=\toks54
\t@pgf@tokc=\toks55
\pgf@sys@id@count=\count402
 (c:/texlive/2025/texmf-dist/tex/generic/pgf/systemlayer/pgf.cfg
File: pgf.cfg 2025-08-29 v3.1.11a (3.1.11a)
)
Driver file for pgf: pgfsys-pdftex.def
 (c:/texlive/2025/texmf-dist/tex/generic/pgf/systemlayer/pgfsys-pdftex.def
File: pgfsys-pdftex.def 2025-08-29 v3.1.11a (3.1.11a)
 (c:/texlive/2025/texmf-dist/tex/generic/pgf/systemlayer/pgfsys-common-pdf.def
File: pgfsys-common-pdf.def 2025-08-29 v3.1.11a (3.1.11a)
))) (c:/texlive/2025/texmf-dist/tex/generic/pgf/systemlayer/pgfsyssoftpath.code.tex
File: pgfsyssoftpath.code.tex 2025-08-29 v3.1.11a (3.1.11a)
\pgfsyssoftpath@smallbuffer@items=\count403
\pgfsyssoftpath@bigbuffer@items=\count404
) (c:/texlive/2025/texmf-dist/tex/generic/pgf/systemlayer/pgfsysprotocol.code.tex
File: pgfsysprotocol.code.tex 2025-08-29 v3.1.11a (3.1.11a)
)) (c:/texlive/2025/texmf-dist/tex/latex/xcolor/xcolor.sty
Package: xcolor 2024/09/29 v3.02 LaTeX color extensions (UK)
 (c:/texlive/2025/texmf-dist/tex/latex/graphics-cfg/color.cfg
File: color.cfg 2016/01/02 v1.6 sample color configuration
)
Package xcolor Info: Driver file: pdftex.def on input line 274.
LaTeX Info: Redefining \color on input line 762.
 (c:/texlive/2025/texmf-dist/tex/latex/graphics/mathcolor.ltx)
Package xcolor Info: Model `cmy' substituted by `cmy0' on input line 1349.
Package xcolor Info: Model `hsb' substituted by `rgb' on input line 1353.
Package xcolor Info: Model `RGB' extended on input line 1365.
Package xcolor Info: Model `HTML' substituted by `rgb' on input line 1367.
Package xcolor Info: Model `Hsb' substituted by `hsb' on input line 1368.
Package xcolor Info: Model `tHsb' substituted by `hsb' on input line 1369.
Package xcolor Info: Model `HSB' substituted by `hsb' on input line 1370.
Package xcolor Info: Model `Gray' substituted by `gray' on input line 1371.
Package xcolor Info: Model `wave' substituted by `hsb' on input line 1372.
) (c:/texlive/2025/texmf-dist/tex/generic/pgf/basiclayer/pgfcore.code.tex
Package: pgfcore 2025-08-29 v3.1.11a (3.1.11a)
 (c:/texlive/2025/texmf-dist/tex/generic/pgf/math/pgfmath.code.tex (c:/texlive/2025/texmf-dist/tex/generic/pgf/math/pgfmathutil.code.tex) (c:/texlive/2025/texmf-dist/tex/generic/pgf/math/pgfmathparser.code.tex
\pgfmath@dimen=\dimen302
\pgfmath@count=\count405
\pgfmath@box=\box79
\pgfmath@toks=\toks56
\pgfmath@stack@operand=\toks57
\pgfmath@stack@operation=\toks58
) (c:/texlive/2025/texmf-dist/tex/generic/pgf/math/pgfmathfunctions.code.tex) (c:/texlive/2025/texmf-dist/tex/generic/pgf/math/pgfmathfunctions.basic.code.tex) (c:/texlive/2025/texmf-dist/tex/generic/pgf/math/pgfmathfunctions.trigonometric.code.tex) (c:/texlive/2025/texmf-dist/tex/generic/pgf/math/pgfmathfunctions.random.code.tex) (c:/texlive/2025/texmf-dist/tex/generic/pgf/math/pgfmathfunctions.comparison.code.tex) (c:/texlive/2025/texmf-dist/tex/generic/pgf/math/pgfmathfunctions.base.code.tex) (c:/texlive/2025/texmf-dist/tex/generic/pgf/math/pgfmathfunctions.round.code.tex) (c:/texlive/2025/texmf-dist/tex/generic/pgf/math/pgfmathfunctions.misc.code.tex) (c:/texlive/2025/texmf-dist/tex/generic/pgf/math/pgfmathfunctions.integerarithmetics.code.tex) (c:/texlive/2025/texmf-dist/tex/generic/pgf/math/pgfmathcalc.code.tex) (c:/texlive/2025/texmf-dist/tex/generic/pgf/math/pgfmathfloat.code.tex
\c@pgfmathroundto@lastzeros=\count406
)) (c:/texlive/2025/texmf-dist/tex/generic/pgf/math/pgfint.code.tex) (c:/texlive/2025/texmf-dist/tex/generic/pgf/basiclayer/pgfcorepoints.code.tex
File: pgfcorepoints.code.tex 2025-08-29 v3.1.11a (3.1.11a)
\pgf@picminx=\dimen303
\pgf@picmaxx=\dimen304
\pgf@picminy=\dimen305
\pgf@picmaxy=\dimen306
\pgf@pathminx=\dimen307
\pgf@pathmaxx=\dimen308
\pgf@pathminy=\dimen309
\pgf@pathmaxy=\dimen310
\pgf@xx=\dimen311
\pgf@xy=\dimen312
\pgf@yx=\dimen313
\pgf@yy=\dimen314
\pgf@zx=\dimen315
\pgf@zy=\dimen316
) (c:/texlive/2025/texmf-dist/tex/generic/pgf/basiclayer/pgfcorepathconstruct.code.tex
File: pgfcorepathconstruct.code.tex 2025-08-29 v3.1.11a (3.1.11a)
\pgf@path@lastx=\dimen317
\pgf@path@lasty=\dimen318
) (c:/texlive/2025/texmf-dist/tex/generic/pgf/basiclayer/pgfcorepathusage.code.tex
File: pgfcorepathusage.code.tex 2025-08-29 v3.1.11a (3.1.11a)
\pgf@shorten@end@additional=\dimen319
\pgf@shorten@start@additional=\dimen320
) (c:/texlive/2025/texmf-dist/tex/generic/pgf/basiclayer/pgfcorescopes.code.tex
File: pgfcorescopes.code.tex 2025-08-29 v3.1.11a (3.1.11a)
\pgfpic=\box80
\pgf@hbox=\box81
\pgf@layerbox@main=\box82
\pgf@picture@serial@count=\count407
) (c:/texlive/2025/texmf-dist/tex/generic/pgf/basiclayer/pgfcoregraphicstate.code.tex
File: pgfcoregraphicstate.code.tex 2025-08-29 v3.1.11a (3.1.11a)
\pgflinewidth=\dimen321
) (c:/texlive/2025/texmf-dist/tex/generic/pgf/basiclayer/pgfcoretransformations.code.tex
File: pgfcoretransformations.code.tex 2025-08-29 v3.1.11a (3.1.11a)
\pgf@pt@x=\dimen322
\pgf@pt@y=\dimen323
\pgf@pt@temp=\dimen324
) (c:/texlive/2025/texmf-dist/tex/generic/pgf/basiclayer/pgfcorequick.code.tex
File: pgfcorequick.code.tex 2025-08-29 v3.1.11a (3.1.11a)
) (c:/texlive/2025/texmf-dist/tex/generic/pgf/basiclayer/pgfcoreobjects.code.tex
File: pgfcoreobjects.code.tex 2025-08-29 v3.1.11a (3.1.11a)
) (c:/texlive/2025/texmf-dist/tex/generic/pgf/basiclayer/pgfcorepathprocessing.code.tex
File: pgfcorepathprocessing.code.tex 2025-08-29 v3.1.11a (3.1.11a)
) (c:/texlive/2025/texmf-dist/tex/generic/pgf/basiclayer/pgfcorearrows.code.tex
File: pgfcorearrows.code.tex 2025-08-29 v3.1.11a (3.1.11a)
\pgfarrowsep=\dimen325
) (c:/texlive/2025/texmf-dist/tex/generic/pgf/basiclayer/pgfcoreshade.code.tex
File: pgfcoreshade.code.tex 2025-08-29 v3.1.11a (3.1.11a)
\pgf@max=\dimen326
\pgf@sys@shading@range@num=\count408
\pgf@shadingcount=\count409
) (c:/texlive/2025/texmf-dist/tex/generic/pgf/basiclayer/pgfcoreimage.code.tex
File: pgfcoreimage.code.tex 2025-08-29 v3.1.11a (3.1.11a)
) (c:/texlive/2025/texmf-dist/tex/generic/pgf/basiclayer/pgfcoreexternal.code.tex
File: pgfcoreexternal.code.tex 2025-08-29 v3.1.11a (3.1.11a)
\pgfexternal@startupbox=\box83
) (c:/texlive/2025/texmf-dist/tex/generic/pgf/basiclayer/pgfcorelayers.code.tex
File: pgfcorelayers.code.tex 2025-08-29 v3.1.11a (3.1.11a)
) (c:/texlive/2025/texmf-dist/tex/generic/pgf/basiclayer/pgfcoretransparency.code.tex
File: pgfcoretransparency.code.tex 2025-08-29 v3.1.11a (3.1.11a)
) (c:/texlive/2025/texmf-dist/tex/generic/pgf/basiclayer/pgfcorepatterns.code.tex
File: pgfcorepatterns.code.tex 2025-08-29 v3.1.11a (3.1.11a)
) (c:/texlive/2025/texmf-dist/tex/generic/pgf/basiclayer/pgfcorerdf.code.tex
File: pgfcorerdf.code.tex 2025-08-29 v3.1.11a (3.1.11a)
))) (c:/texlive/2025/texmf-dist/tex/generic/pgf/modules/pgfmoduleshapes.code.tex
File: pgfmoduleshapes.code.tex 2025-08-29 v3.1.11a (3.1.11a)
\pgfnodeparttextbox=\box84
) (c:/texlive/2025/texmf-dist/tex/generic/pgf/modules/pgfmoduleplot.code.tex
File: pgfmoduleplot.code.tex 2025-08-29 v3.1.11a (3.1.11a)
) (c:/texlive/2025/texmf-dist/tex/latex/pgf/compatibility/pgfcomp-version-0-65.sty
Package: pgfcomp-version-0-65 2025-08-29 v3.1.11a (3.1.11a)
\pgf@nodesepstart=\dimen327
\pgf@nodesepend=\dimen328
) (c:/texlive/2025/texmf-dist/tex/latex/pgf/compatibility/pgfcomp-version-1-18.sty
Package: pgfcomp-version-1-18 2025-08-29 v3.1.11a (3.1.11a)
)) (c:/texlive/2025/texmf-dist/tex/latex/pgf/utilities/pgffor.sty (c:/texlive/2025/texmf-dist/tex/latex/pgf/utilities/pgfkeys.sty (c:/texlive/2025/texmf-dist/tex/generic/pgf/utilities/pgfkeys.code.tex)) (c:/texlive/2025/texmf-dist/tex/latex/pgf/math/pgfmath.sty (c:/texlive/2025/texmf-dist/tex/generic/pgf/math/pgfmath.code.tex)) (c:/texlive/2025/texmf-dist/tex/generic/pgf/utilities/pgffor.code.tex
Package: pgffor 2025-08-29 v3.1.11a (3.1.11a)
\pgffor@iter=\dimen329
\pgffor@skip=\dimen330
\pgffor@stack=\toks59
\pgffor@toks=\toks60
)) (c:/texlive/2025/texmf-dist/tex/generic/pgf/frontendlayer/tikz/tikz.code.tex
Package: tikz 2025-08-29 v3.1.11a (3.1.11a)
 (c:/texlive/2025/texmf-dist/tex/generic/pgf/libraries/pgflibraryplothandlers.code.tex
File: pgflibraryplothandlers.code.tex 2025-08-29 v3.1.11a (3.1.11a)
\pgf@plot@mark@count=\count410
\pgfplotmarksize=\dimen331
)
\tikz@lastx=\dimen332
\tikz@lasty=\dimen333
\tikz@lastxsaved=\dimen334
\tikz@lastysaved=\dimen335
\tikz@lastmovetox=\dimen336
\tikz@lastmovetoy=\dimen337
\tikzleveldistance=\dimen338
\tikzsiblingdistance=\dimen339
\tikz@figbox=\box85
\tikz@figbox@bg=\box86
\tikz@tempbox=\box87
\tikz@tempbox@bg=\box88
\tikztreelevel=\count411
\tikznumberofchildren=\count412
\tikznumberofcurrentchild=\count413
\tikz@fig@count=\count414
 (c:/texlive/2025/texmf-dist/tex/generic/pgf/modules/pgfmodulematrix.code.tex
File: pgfmodulematrix.code.tex 2025-08-29 v3.1.11a (3.1.11a)
\pgfmatrixcurrentrow=\count415
\pgfmatrixcurrentcolumn=\count416
\pgf@matrix@numberofcolumns=\count417
)
\tikz@expandcount=\count418
 (c:/texlive/2025/texmf-dist/tex/generic/pgf/frontendlayer/tikz/libraries/tikzlibrarytopaths.code.tex
File: tikzlibrarytopaths.code.tex 2025-08-29 v3.1.11a (3.1.11a)
)))
Package hyperref Info: Option `colorlinks' set `true' on input line 44.
Package hyperref Info: Option `breaklinks' set `true' on input line 44.


******************************************************
Stock height and width: 845.04684pt by 597.50787pt
Top and edge trims: 0pt and 0pt
Page height and width: 845.04684pt by 597.50787pt
Text height and width: 679pt by 426pt
Spine and edge margins: 99.58464pt and 71.13188pt
Upper and lower margins: 85.35826pt and 80.68858pt
Headheight and headsep: 14.5pt and 29pt
Footskip: 29pt
Columnsep and columnseprule: 10pt and 0pt
Marginparsep and marginparwidth: 17pt and 51pt
Sidecapsep and sidecapwidth: 7pt and 92pt
Sidebarhsep and sidebarwidth: 7pt and 92pt
Sidebarvsep and sidebartopsep: 14.5pt and 0pt
Sidebarheight: 590.14995pt
Sidefoothsep and sidefootwidth: 7pt and 92pt
Sidefootvsep and sidefootheight: 14.5pt and 590.14995pt
******************************************************

LaTeX Font Info:    Font shape `T1/IbarraRealNova-LF/m/it' will be
(Font)              scaled to size 12.0pt on input line 177.
\c@thm=\count419
\c@proof=\count420
\c@definition=\count421
\c@example=\count422
\c@rem=\count423
\c@note=\count424
)
\tfm@idxfile=\write6
\openout6 = `tfm.idx'.


Writing index file tfm.idx 
(c:/Users/cl415/Desktop/IC(CCP)/tfm/tfm_repo/out_dir/tfm.aux (c:/Users/cl415/Desktop/IC(CCP)/tfm/tfm_repo/out_dir/Chapters/Chapter01_intro.aux) (c:/Users/cl415/Desktop/IC(CCP)/tfm/tfm_repo/out_dir/Chapters/Chapter02.aux) (c:/Users/cl415/Desktop/IC(CCP)/tfm/tfm_repo/out_dir/Chapters/Chapter03.aux) (c:/Users/cl415/Desktop/IC(CCP)/tfm/tfm_repo/out_dir/Chapters/Chapter04.aux) (c:/Users/cl415/Desktop/IC(CCP)/tfm/tfm_repo/out_dir/Chapters/Chapter05.aux) (c:/Users/cl415/Desktop/IC(CCP)/tfm/tfm_repo/out_dir/Chapters/Chapter06.aux) (c:/Users/cl415/Desktop/IC(CCP)/tfm/tfm_repo/out_dir/Chapters/Chapter07_discussion.aux) (c:/Users/cl415/Desktop/IC(CCP)/tfm/tfm_repo/out_dir/Chapters/Appendix_2_1.aux) (c:/Users/cl415/Desktop/IC(CCP)/tfm/tfm_repo/out_dir/Chapters/Appendix_2_2.aux) (c:/Users/cl415/Desktop/IC(CCP)/tfm/tfm_repo/out_dir/Chapters/Appendix_2_3.aux) (c:/Users/cl415/Desktop/IC(CCP)/tfm/tfm_repo/out_dir/Chapters/Appendix_3_1.aux) (c:/Users/cl415/Desktop/IC(CCP)/tfm/tfm_repo/out_dir/Chapters/Appendix_3_2.aux) (c:/Users/cl415/Desktop/IC(CCP)/tfm/tfm_repo/out_dir/Chapters/Appendix_3_3.aux) (c:/Users/cl415/Desktop/IC(CCP)/tfm/tfm_repo/out_dir/Chapters/Appendix_3_4.aux) (c:/Users/cl415/Desktop/IC(CCP)/tfm/tfm_repo/out_dir/Chapters/Appendix_4_1.aux) (c:/Users/cl415/Desktop/IC(CCP)/tfm/tfm_repo/out_dir/Chapters/Appendix_5_1.aux) (c:/Users/cl415/Desktop/IC(CCP)/tfm/tfm_repo/out_dir/Chapters/Appendix_6_1.aux))
\openout1 = `tfm.aux'.

LaTeX Font Info:    Checking defaults for OML/cmm/m/it on input line 79.
LaTeX Font Info:    ... okay on input line 79.
LaTeX Font Info:    Checking defaults for OMS/cmsy/m/n on input line 79.
LaTeX Font Info:    ... okay on input line 79.
LaTeX Font Info:    Checking defaults for OT1/cmr/m/n on input line 79.
LaTeX Font Info:    ... okay on input line 79.
LaTeX Font Info:    Checking defaults for T1/cmr/m/n on input line 79.
LaTeX Font Info:    ... okay on input line 79.
LaTeX Font Info:    Checking defaults for TS1/cmr/m/n on input line 79.
LaTeX Font Info:    ... okay on input line 79.
LaTeX Font Info:    Checking defaults for OMX/cmex/m/n on input line 79.
LaTeX Font Info:    ... okay on input line 79.
LaTeX Font Info:    Checking defaults for U/cmr/m/n on input line 79.
LaTeX Font Info:    ... okay on input line 79.
LaTeX Font Info:    Checking defaults for PD1/pdf/m/n on input line 79.
LaTeX Font Info:    ... okay on input line 79.
LaTeX Font Info:    Checking defaults for PU/pdf/m/n on input line 79.
LaTeX Font Info:    ... okay on input line 79.


Class memoir Warning: \addtodef is marked deprecated and will be
(memoir)              removed in 2026, use instead \patchcmd,
(memoir)              \pretocmd or \apptocmd from the etoolbox package
(memoir)              (which is autoloaded by the class) on input line 79.

(c:/texlive/2025/texmf-dist/tex/context/base/mkii/supp-pdf.mkii
[Loading MPS to PDF converter (version 2006.09.02).]
\scratchcounter=\count425
\scratchdimen=\dimen340
\scratchbox=\box89
\nofMPsegments=\count426
\nofMParguments=\count427
\everyMPshowfont=\toks61
\MPscratchCnt=\count428
\MPscratchDim=\dimen341
\MPnumerator=\count429
\makeMPintoPDFobject=\count430
\everyMPtoPDFconversion=\toks62
) (c:/texlive/2025/texmf-dist/tex/latex/epstopdf-pkg/epstopdf-base.sty
Package: epstopdf-base 2020-01-24 v2.11 Base part for package epstopdf
Package epstopdf-base Info: Redefining graphics rule for `.eps' on input line 485.
 (c:/texlive/2025/texmf-dist/tex/latex/latexconfig/epstopdf-sys.cfg
File: epstopdf-sys.cfg 2010/07/13 v1.3 Configuration of (r)epstopdf for TeX Live
))
\c@lstlisting=\count431
Package hyperref Info: Link coloring ON on input line 79.
 (c:/Users/cl415/Desktop/IC(CCP)/tfm/tfm_repo/out_dir/tfm.out) (c:/Users/cl415/Desktop/IC(CCP)/tfm/tfm_repo/out_dir/tfm.out)
\@outlinefile=\write7
\openout7 = `tfm.out'.

LaTeX Info: Redefining \microtypecontext on input line 79.
Package microtype Info: Applying patch `item' on input line 79.
Package microtype Info: Applying patch `toc' on input line 79.
Package microtype Info: Applying patch `eqnum' on input line 79.
Package microtype Info: Applying patch `footnote' on input line 79.
Package microtype Info: Applying patch `verbatim' on input line 79.
LaTeX Info: Redefining \microtypesetup on input line 79.
Package microtype Info: Generating PDF output.
Package microtype Info: Character protrusion enabled (level 2).
Package microtype Info: Using default protrusion set `alltext'.
Package microtype Info: Automatic font expansion enabled (level 2),
(microtype)             stretch: 20, shrink: 20, step: 1, non-selected.
Package microtype Info: Using default expansion set `alltext-nott'.
Package microtype Info: Patching command `\showhyphens'.
Package microtype Info: No adjustment of tracking.
Package microtype Info: No adjustment of interword spacing.
Package microtype Info: No adjustment of character kerning.
Package microtype Info: Loading generic protrusion settings for font family
(microtype)             `IbarraRealNova-LF' (encoding: T1).
(microtype)             For optimal results, create family-specific settings.
(microtype)             See the microtype manual for details.
\c@mv@tabular=\count432
\c@mv@boldtabular=\count433
<Figures/intro/CREAF-UAB.png, id=203, 1439.1366pt x 306.6657pt>
File: Figures/intro/CREAF-UAB.png Graphic file (type png)
<use Figures/intro/CREAF-UAB.png>
Package pdftex.def Info: Figures/intro/CREAF-UAB.png  used on input line 83.
(pdftex.def)             Requested size: 319.5pt x 68.07965pt.
LaTeX Font Info:    Font shape `T1/IbarraRealNova-LF/m/n' will be
(Font)              scaled to size 20.74pt on input line 83.
LaTeX Font Info:    Font shape `T1/IbarraRealNova-LF/b/n' will be
(Font)              scaled to size 12.0pt on input line 83.
LaTeX Font Info:    Font shape `T1/IbarraRealNova-LF/m/n' will be
(Font)              scaled to size 14.4pt on input line 83.


[1

{c:/texlive/2025/texmf-var/fonts/map/pdftex/updmap/pdftex.map}{c:/texlive/2025/texmf-dist/fonts/enc/dvips/ibarra/ibrr_6jlwjs.enc} <./Figures/intro/CREAF-UAB.png (PNG copy)>]

[2

]
LaTeX Font Info:    Font shape `T1/IbarraRealNova-LF/m/n' will be
(Font)              scaled to size 17.28pt on input line 91.
LaTeX Font Info:    Font shape `T1/IbarraRealNova-LF/b/n' will be
(Font)              scaled to size 17.28pt on input line 91.


LaTeX Font Info:    Font shape `T1/IbarraRealNova-LF/m/sl' in size <12> not available
(Font)              Font shape `T1/IbarraRealNova-LF/m/it' tried instead on input line 109.
LaTeX Font Info:    Font shape `T1/IbarraRealNova-LF/m/it' will be
(Font)              scaled to size 12.0pt on input line 109.
[1

]
LaTeX Font Info:    Font shape `T1/IbarraRealNova-LF/m/n' will be
(Font)              scaled to size 10.95pt on input line 115.
LaTeX Font Info:    Font shape `T1/IbarraRealNova-LF/b/n' will be
(Font)              scaled to size 10.95pt on input line 115.


[2

]

[3]
LaTeX Font Info:    Trying to load font information for TS1+IbarraRealNova-LF on input line 135.
 (c:/texlive/2025/texmf-dist/tex/latex/ibarra/TS1IbarraRealNova-LF.fd
File: TS1IbarraRealNova-LF.fd 2023/04/18 (autoinst) Font definitions for TS1/IbarraRealNova-LF.
)
LaTeX Font Info:    Font shape `TS1/IbarraRealNova-LF/m/n' will be
(Font)              scaled to size 12.0pt on input line 135.
Package microtype Info: Loading generic protrusion settings for font family
(microtype)             `IbarraRealNova-LF' (encoding: TS1).
(microtype)             For optimal results, create family-specific settings.
(microtype)             See the microtype manual for details.


[4

{c:/texlive/2025/texmf-dist/fonts/enc/dvips/ibarra/ibrr_yyhfj4.enc}]
LaTeX Font Info:    Font shape `T1/IbarraRealNova-LF/m/n' will be
(Font)              scaled to size 24.88pt on input line 165.
LaTeX Font Info:    Font shape `T1/IbarraRealNova-LF/b/n' will be
(Font)              scaled to size 24.88pt on input line 165.
 (c:/Users/cl415/Desktop/IC(CCP)/tfm/tfm_repo/out_dir/tfm.toc (c:/texlive/2025/texmf-dist/tex/latex/microtype/mt-cmr.cfg
File: mt-cmr.cfg 2013/05/19 v2.2 microtype config. file: Computer Modern Roman (RS)
)
LaTeX Font Info:    Trying to load font information for U+msa on input line 1.
 (c:/texlive/2025/texmf-dist/tex/latex/amsfonts/umsa.fd
File: umsa.fd 2013/01/14 v3.01 AMS symbols A
) (c:/texlive/2025/texmf-dist/tex/latex/microtype/mt-msa.cfg
File: mt-msa.cfg 2006/02/04 v1.1 microtype config. file: AMS symbols (a) (RS)
)
LaTeX Font Info:    Trying to load font information for U+msb on input line 1.
 (c:/texlive/2025/texmf-dist/tex/latex/amsfonts/umsb.fd
File: umsb.fd 2013/01/14 v3.01 AMS symbols B
) (c:/texlive/2025/texmf-dist/tex/latex/microtype/mt-msb.cfg
File: mt-msb.cfg 2005/06/01 v1.0 microtype config. file: AMS symbols (b) (RS)
)

[5

])

[6] (c:/Users/cl415/Desktop/IC(CCP)/tfm/tfm_repo/out_dir/tfm.lof
Overfull \hbox (0.16794pt too wide) detected at line 29
 \T1/IbarraRealNova-LF/m/n/12 100
 []



[7

]) (c:/Users/cl415/Desktop/IC(CCP)/tfm/tfm_repo/out_dir/tfm.lot
Underfull \vbox (badness 4927) has occurred while \output is active []



[8])

[9]

[10

]
\openout2 = `Chapters/Chapter01_intro.aux'.

 (./Chapters/Chapter01_intro.tex
<./Figures/cover/sesshu_1.jpg, id=458, 7002.16pt x 10824.44pt>
File: ./Figures/cover/sesshu_1.jpg Graphic file (type jpg)
<use ./Figures/cover/sesshu_1.jpg>
Package pdftex.def Info: ./Figures/cover/sesshu_1.jpg  used on input line 7.
(pdftex.def)             Requested size: 597.47289pt x 844.99664pt.


[1


 <./Figures/cover/sesshu_1.jpg>]

LaTeX Font Info:    Font shape `T1/IbarraRealNova-LF/m/sc' will be
(Font)              scaled to size 12.0pt on input line 18.
[2{c:/texlive/2025/texmf-dist/fonts/enc/dvips/ibarra/ibrr_jzetup.enc}

]
LaTeX Font Info:    Font shape `T1/IbarraRealNova-LF/b/n' will be
(Font)              scaled to size 14.4pt on input line 22.


Package natbib Warning: Citation `Newman2010' on page 3 undefined on input line 24.


Package natbib Warning: Citation `Barabasi2016' on page 3 undefined on input line 24.



[3]
<./Figures/intro/network_theory/graph_properties_Boccaletti2006_horizontal.png, id=477, 882.29625pt x 340.27126pt>
File: ./Figures/intro/network_theory/graph_properties_Boccaletti2006_horizontal.png Graphic file (type png)
<use ./Figures/intro/network_theory/graph_properties_Boccaletti2006_horizontal.png>
Package pdftex.def Info: ./Figures/intro/network_theory/graph_properties_Boccaletti2006_horizontal.png  used on input line 44.
(pdftex.def)             Requested size: 426.0pt x 164.29407pt.
LaTeX Font Info:    Font shape `T1/IbarraRealNova-LF/m/n' will be
(Font)              scaled to size 10.0pt on input line 45.
LaTeX Font Info:    Font shape `T1/IbarraRealNova-LF/m/sc' will be
(Font)              scaled to size 10.0pt on input line 45.
LaTeX Font Info:    Font shape `T1/IbarraRealNova-LF/b/n' will be
(Font)              scaled to size 10.0pt on input line 45.


Package natbib Warning: Citation `Boccaletti2006' on page 4 undefined on input line 45.


Package natbib Warning: Citation `Boccaletti2006' on page 4 undefined on input line 45.


Package natbib Warning: Citation `Barabasi1999' on page 4 undefined on input line 53.



[4 <./Figures/intro/network_theory/graph_properties_Boccaletti2006_horizontal.png (PNG copy)>]
<./Figures/intro/network_theory/degree_distrib_Barabasi2016.jpg, id=484, 903.375pt x 848.16875pt>
File: ./Figures/intro/network_theory/degree_distrib_Barabasi2016.jpg Graphic file (type jpg)
<use ./Figures/intro/network_theory/degree_distrib_Barabasi2016.jpg>
Package pdftex.def Info: ./Figures/intro/network_theory/degree_distrib_Barabasi2016.jpg  used on input line 56.
(pdftex.def)             Requested size: 426.0pt x 399.97238pt.


Package natbib Warning: Citation `Barabasi2016' on page 5 undefined on input line 57.


Package natbib Warning: Citation `Barabasi2016' on page 5 undefined on input line 57.


Package natbib Warning: Citation `Montoya2002' on page 5 undefined on input line 67.



[5 <./Figures/intro/network_theory/degree_distrib_Barabasi2016.jpg>]
<./Figures/intro/network_theory/bipartite_nested_network_Ings2009.png, id=494, 469.755pt x 259.97125pt>
File: ./Figures/intro/network_theory/bipartite_nested_network_Ings2009.png Graphic file (type png)
<use ./Figures/intro/network_theory/bipartite_nested_network_Ings2009.png>
Package pdftex.def Info: ./Figures/intro/network_theory/bipartite_nested_network_Ings2009.png  used on input line 85.
(pdftex.def)             Requested size: 213.0pt x 117.87851pt.


Package natbib Warning: Citation `Ings2009' on page 6 undefined on input line 86.


Package natbib Warning: Citation `Ings2009' on page 6 undefined on input line 86.


Package natbib Warning: Citation `Fortuna2010' on page 6 undefined on input line 100.



[6 <./Figures/intro/network_theory/bipartite_nested_network_Ings2009.png (PNG copy)>]

Package natbib Warning: Citation `Bersier2007' on page 7 undefined on input line 132.


Package natbib Warning: Citation `Ings2018' on page 7 undefined on input line 132.



[7]

Package natbib Warning: Citation `Lindeman1942' on page 8 undefined on input line 136.


Package natbib Warning: Citation `Ings2018' on page 8 undefined on input line 136.


Package natbib Warning: Citation `Lotka1920' on page 8 undefined on input line 138.


Package natbib Warning: Citation `Volterra1928' on page 8 undefined on input line 138.



[8]
<./Figures/intro/ecological_networks/LV_example.png, id=517, 518.4168pt x 350.5095pt>
File: ./Figures/intro/ecological_networks/LV_example.png Graphic file (type png)
<use ./Figures/intro/ecological_networks/LV_example.png>
Package pdftex.def Info: ./Figures/intro/ecological_networks/LV_example.png  used on input line 151.
(pdftex.def)             Requested size: 255.6026pt x 172.81548pt.


Package natbib Warning: Citation `McCann2011' on page 9 undefined on input line 156.


Package natbib Warning: Citation `MacArthur1955' on page 9 undefined on input line 158.


Package natbib Warning: Citation `May1972' on page 9 undefined on input line 160.



[9 <./Figures/intro/ecological_networks/LV_example.png (PNG copy)>]

Package natbib Warning: Citation `Holling1965' on page 10 undefined on input line 166.


Package natbib Warning: Citation `Bender1984' on page 10 undefined on input line 166.


Package natbib Warning: Citation `Paine1966' on page 10 undefined on input line 168.


Package natbib Warning: Citation `Laska1998' on page 10 undefined on input line 168.


Package natbib Warning: Citation `Bender1984' on page 10 undefined on input line 168.


Package natbib Warning: Citation `Paine1992' on page 10 undefined on input line 168.


Package natbib Warning: Citation `McCann1998' on page 10 undefined on input line 170.


Package natbib Warning: Citation `Berlow1999' on page 10 undefined on input line 170.


Package natbib Warning: Citation `Jacquet2016' on page 10 undefined on input line 170.


Package natbib Warning: Citation `Cohen1978' on page 10 undefined on input line 172.


Package natbib Warning: Citation `Pascual2006' on page 10 undefined on input line 172.



[10]

Package natbib Warning: Citation `Polis1991' on page 11 undefined on input line 174.


Package natbib Warning: Citation `Martinez1991' on page 11 undefined on input line 174.


Package natbib Warning: Citation `Pascual2006' on page 11 undefined on input line 174.


Package natbib Warning: Citation `Williams2000' on page 11 undefined on input line 174.


Package natbib Warning: Citation `Laigle2018' on page 11 undefined on input line 174.


Package natbib Warning: Citation `Jordano1987' on page 11 undefined on input line 176.


Package natbib Warning: Citation `Vazquez2009a' on page 11 undefined on input line 176.


Package natbib Warning: Citation `Bascompte2013' on page 11 undefined on input line 176.


Package natbib Warning: Citation `Thebault2010' on page 11 undefined on input line 176.


Package natbib Warning: Citation `Holland2002' on page 11 undefined on input line 178.


Package natbib Warning: Citation `Vazquez2005' on page 11 undefined on input line 178.


Package natbib Warning: Citation `Vizentin-Bugoni2014' on page 11 undefined on input line 178.


Package natbib Warning: Citation `Vazquez2007' on page 11 undefined on input line 178.


Package natbib Warning: Citation `Poisot2015' on page 11 undefined on input line 178.



[11]

Package natbib Warning: Citation `Kefi2012' on page 12 undefined on input line 182.


Package natbib Warning: Citation `Kefi2016a' on page 12 undefined on input line 182.


Package natbib Warning: Citation `Pocock2012' on page 12 undefined on input line 182.


Package natbib Warning: Citation `Leibold2004' on page 12 undefined on input line 184.


Package natbib Warning: Citation `Galiana2018' on page 12 undefined on input line 184.


Package natbib Warning: Citation `McCann2005' on page 12 undefined on input line 188.


Package natbib Warning: Citation `Fahimipour2014' on page 12 undefined on input line 188.


Package natbib Warning: Citation `Gravel2016a' on page 12 undefined on input line 188.



[12]

Package natbib Warning: Citation `Maestre2009' on page 13 undefined on input line 190.


Package natbib Warning: Citation `Menge1987' on page 13 undefined on input line 190.


Package natbib Warning: Citation `Callaway1997' on page 13 undefined on input line 190.


Package natbib Warning: Citation `Barrio2013' on page 13 undefined on input line 190.


Package natbib Warning: Citation `Cheng2016a' on page 13 undefined on input line 190.


Package natbib Warning: Citation `Daleo2015' on page 13 undefined on input line 190.


Underfull \hbox (badness 10000) in paragraph at lines 197--199

 []


Underfull \hbox (badness 10000) in paragraph at lines 200--202

 []


Underfull \hbox (badness 10000) in paragraph at lines 203--205

 []



[13]
Underfull \hbox (badness 10000) in paragraph at lines 206--208

 []


Underfull \hbox (badness 10000) in paragraph at lines 209--211

 []

)

[14]
\openout2 = `Chapters/Chapter02.aux'.

 (./Chapters/Chapter02.tex
<./Figures/cover/Goya_Dog.jpg, id=545, 1309.14093pt x 2222.3025pt>
File: ./Figures/cover/Goya_Dog.jpg Graphic file (type jpg)
<use ./Figures/cover/Goya_Dog.jpg>
Package pdftex.def Info: ./Figures/cover/Goya_Dog.jpg  used on input line 6.
(pdftex.def)             Requested size: 597.49783pt x 845.06021pt.


[15




 <./Figures/cover/Goya_Dog.jpg>]

Package natbib Warning: Citation `Allesina2012' on page 16 undefined on input line 15.


Package natbib Warning: Citation `Riede2011a' on page 16 undefined on input line 15.


Package natbib Warning: Citation `Dorado2011' on page 16 undefined on input line 15.


Package natbib Warning: Citation `Lopezaraiza-Mikel2007' on page 16 undefined on input line 15.


Package natbib Warning: Citation `McCann2011' on page 16 undefined on input line 17.


Package natbib Warning: Citation `Bascompte2013' on page 16 undefined on input line 17.


Package natbib Warning: Citation `Cazelles2016' on page 16 undefined on input line 17.


Package natbib Warning: Citation `Soliveres2015a' on page 16 undefined on input line 17.


Package natbib Warning: Citation `Kefi2016a' on page 16 undefined on input line 17.


Package natbib Warning: Citation `Sander2015' on page 16 undefined on input line 17.


Package natbib Warning: Citation `Golubski2016' on page 16 undefined on input line 17.


Package natbib Warning: Citation `Thebault2010' on page 16 undefined on input line 17.


Package natbib Warning: Citation `Tang2014' on page 16 undefined on input line 17.


Package natbib Warning: Citation `Johnson2014' on page 16 undefined on input line 17.


Package natbib Warning: Citation `McCann1998' on page 16 undefined on input line 17.


Package natbib Warning: Citation `Bascompte2006' on page 16 undefined on input line 17.


Package natbib Warning: Citation `Allesina2015' on page 16 undefined on input line 17.


Package natbib Warning: Citation `Rip2010' on page 16 undefined on input line 17.


Package natbib Warning: Citation `Thebault2010' on page 16 undefined on input line 17.


Package natbib Warning: Citation `Lever2014' on page 16 undefined on input line 17.


Package natbib Warning: Citation `Lee2015' on page 16 undefined on input line 17.


Package natbib Warning: Citation `Rohr2014' on page 16 undefined on input line 17.



[16

]

Package natbib Warning: Citation `Boccaletti2014' on page 17 undefined on input line 19.


Package natbib Warning: Citation `May1972' on page 17 undefined on input line 22.


Package natbib Warning: Citation `Saint-Beat2015' on page 17 undefined on input line 22.


Package natbib Warning: Citation `Connell1961' on page 17 undefined on input line 22.


Package natbib Warning: Citation `Paine1966' on page 17 undefined on input line 22.


Package natbib Warning: Citation `Jordano1987' on page 17 undefined on input line 22.


Package natbib Warning: Citation `Fonseca1996' on page 17 undefined on input line 22.


Package natbib Warning: Citation `Abrams1987' on page 17 undefined on input line 24.


Package natbib Warning: Citation `Schoener1983' on page 17 undefined on input line 24.



[17]

Package natbib Warning: Citation `Lindeman1942' on page 18 undefined on input line 274.


Package natbib Warning: Citation `Paine1966' on page 18 undefined on input line 274.


Package natbib Warning: Citation `Pimm1982' on page 18 undefined on input line 274.


Package natbib Warning: Citation `Moore2012' on page 18 undefined on input line 274.


Package natbib Warning: Citation `Arditi2005' on page 18 undefined on input line 274.


Package natbib Warning: Citation `Goudard2008' on page 18 undefined on input line 274.


Package natbib Warning: Citation `Kefi2012' on page 18 undefined on input line 274.



[18]
Overfull \hbox (3.44319pt too wide) in paragraph at lines 277--277
[]|\T1/IbarraRealNova-LF/m/n/10 (-20) Framework| 
 []


Underfull \hbox (badness 10000) in paragraph at lines 277--277
[]|\T1/IbarraRealNova-LF/m/n/10 (+20) Interaction
 []


Underfull \hbox (badness 10000) in paragraph at lines 277--277
[]|\T1/IbarraRealNova-LF/m/n/10 (+20) Interaction
 []


Overfull \hbox (3.44319pt too wide) in paragraph at lines 277--277
[]|\T1/IbarraRealNova-LF/m/n/10 (-20) Framework| 
 []


Underfull \hbox (badness 10000) in paragraph at lines 277--277
[]|\T1/IbarraRealNova-LF/m/n/10 (+20) Interaction
 []


Underfull \hbox (badness 10000) in paragraph at lines 277--277
[]|\T1/IbarraRealNova-LF/m/n/10 (+20) Interaction
 []


Package natbib Warning: Citation `Arditi2005' on page 19 undefined on input line 277.


Underfull \hbox (badness 10000) in paragraph at lines 277--277
[]|\T1/IbarraRealNova-LF/m/n/10 (+5) Expanded
 []


Underfull \hbox (badness 10000) in paragraph at lines 277--277
[]|\T1/IbarraRealNova-LF/m/n/10 (+20) Mechanism-
 []


Underfull \hbox (badness 10000) in paragraph at lines 277--277
\T1/IbarraRealNova-LF/m/n/10 (+20) i-fi-ca-tions
 []


Underfull \hbox (badness 10000) in paragraph at lines 277--277
\T1/IbarraRealNova-LF/m/n/10 (+20) to trophic
 []


Underfull \hbox (badness 10000) in paragraph at lines 277--277
\T1/IbarraRealNova-LF/m/n/10 (+20) non-trophic in-ter-ac-tions
 []


Package natbib Warning: Citation `Lafferty2006' on page 19 undefined on input line 277.


Underfull \hbox (badness 10000) in paragraph at lines 277--277
[]|\T1/IbarraRealNova-LF/m/n/10 (+5) Expanded
 []


Underfull \hbox (badness 10000) in paragraph at lines 277--277
[]|\T1/IbarraRealNova-LF/m/n/10 (+20) Mechanism-
 []


Underfull \hbox (badness 10000) in paragraph at lines 277--277
\T1/IbarraRealNova-LF/m/n/10 (+20) and sev-eral
 []


Underfull \hbox (badness 10000) in paragraph at lines 277--277
\T1/IbarraRealNova-LF/m/n/10 (+20) par-a-sitic
 []


Underfull \hbox (badness 10000) in paragraph at lines 277--277
[]|\T1/IbarraRealNova-LF/m/n/10 (+20) Empirical
 []


Underfull \hbox (badness 10000) in paragraph at lines 277--277
\T1/IbarraRealNova-LF/m/n/10 (+20) data from
 []


Underfull \hbox (badness 10000) in paragraph at lines 277--277
\T1/IbarraRealNova-LF/m/n/10 (+20) four food
 []


Underfull \hbox (badness 1946) in paragraph at lines 277--277
\T1/IbarraRealNova-LF/m/n/10 (+20) a ma-jor-ity in food webs,
 []


Package natbib Warning: Citation `Goudard2008' on page 19 undefined on input line 277.


Underfull \hbox (badness 10000) in paragraph at lines 277--277
[]|\T1/IbarraRealNova-LF/m/n/10 (+5) Expanded
 []


Underfull \hbox (badness 10000) in paragraph at lines 277--277
[]|\T1/IbarraRealNova-LF/m/n/10 (+20) Mechanism-
 []


Underfull \hbox (badness 10000) in paragraph at lines 277--277
\T1/IbarraRealNova-LF/m/n/10 (+20) i-fi-ca-tions
 []


Underfull \hbox (badness 10000) in paragraph at lines 277--277
\T1/IbarraRealNova-LF/m/n/10 (+20) to trophic
 []


Underfull \hbox (badness 10000) in paragraph at lines 277--277
[]|\T1/IbarraRealNova-LF/m/n/10 (+20) Interaction webs that
 []


Underfull \hbox (badness 2894) in paragraph at lines 277--277
\T1/IbarraRealNova-LF/m/n/10 (+20) in-clude trophic and non-
 []


Underfull \hbox (badness 10000) in paragraph at lines 277--277
\T1/IbarraRealNova-LF/m/n/10 (+20) trophic in-ter-ac-tions are
 []


Underfull \hbox (badness 2088) in paragraph at lines 277--277
\T1/IbarraRealNova-LF/m/n/10 (+20) that in-clude only trophic
 []


Package natbib Warning: Citation `Lafferty2008' on page 19 undefined on input line 277.


Underfull \hbox (badness 10000) in paragraph at lines 277--277
[]|\T1/IbarraRealNova-LF/m/n/10 (+5) Expanded
 []


Underfull \hbox (badness 10000) in paragraph at lines 277--277
[]|\T1/IbarraRealNova-LF/m/n/10 (+20) Mechanism-
 []


Underfull \hbox (badness 10000) in paragraph at lines 277--277
\T1/IbarraRealNova-LF/m/n/10 (+20) and sev-eral
 []


Underfull \hbox (badness 10000) in paragraph at lines 277--277
\T1/IbarraRealNova-LF/m/n/10 (+20) par-a-sitic
 []


Package natbib Warning: Citation `Kefi2012' on page 19 undefined on input line 277.


Underfull \hbox (badness 10000) in paragraph at lines 277--277
[]|\T1/IbarraRealNova-LF/m/n/10 (+5) Expanded
 []


Underfull \hbox (badness 10000) in paragraph at lines 277--277
[]|\T1/IbarraRealNova-LF/m/n/10 (+20) Mechanism-
 []


Package natbib Warning: Citation `Donadi2013' on page 19 undefined on input line 277.


Underfull \hbox (badness 10000) in paragraph at lines 277--277
[]|\T1/IbarraRealNova-LF/m/n/10 (+5) Expanded
 []


Underfull \hbox (badness 10000) in paragraph at lines 277--277
[]|\T1/IbarraRealNova-LF/m/n/10 (+20) Mechanism-
 []


Overfull \hbox (1.68938pt too wide) in paragraph at lines 277--277
[]|\T1/IbarraRealNova-LF/m/n/10 (-20) Measurements
 []


Underfull \hbox (badness 3000) in paragraph at lines 277--277
\T1/IbarraRealNova-LF/m/n/10 (+20) of cloro-phyll
 []


Underfull \hbox (badness 10000) in paragraph at lines 277--277
\T1/IbarraRealNova-LF/m/n/10 (+20) con-tent in
 []


Underfull \hbox (badness 3907) in paragraph at lines 277--277
[]|\T1/IbarraRealNova-LF/m/n/10 (+20) Facilitation of ecosystem-
 []


Package natbib Warning: Citation `Majdi2014' on page 19 undefined on input line 277.


Underfull \hbox (badness 10000) in paragraph at lines 277--277
[]|\T1/IbarraRealNova-LF/m/n/10 (+5) Expanded
 []


Underfull \hbox (badness 10000) in paragraph at lines 277--277
[]|\T1/IbarraRealNova-LF/m/n/10 (+20) Mechanism-
 []


Underfull \hbox (badness 10000) in paragraph at lines 277--277
[]|\T1/IbarraRealNova-LF/m/n/10 (+20) Effects of
 []


Underfull \hbox (badness 10000) in paragraph at lines 277--277
\T1/IbarraRealNova-LF/m/n/10 (+20) worms) on
 []


Underfull \hbox (badness 4765) in paragraph at lines 277--277
\T1/IbarraRealNova-LF/m/n/10 (+20) lit-ter de-com-
 []


Underfull \hbox (badness 4518) in paragraph at lines 277--277
\T1/IbarraRealNova-LF/m/n/10 (+20) po-si-tion and
 []


Underfull \hbox (badness 10000) in paragraph at lines 277--277
\T1/IbarraRealNova-LF/m/n/10 (+20) com-mu-nity
 []


Underfull \hbox (badness 10000) in paragraph at lines 277--277
[]|\T1/IbarraRealNova-LF/m/n/10 (+20) Carbon con-
 []


Underfull \hbox (badness 1721) in paragraph at lines 277--277
\T1/IbarraRealNova-LF/m/n/10 (+20) tent in leafs,
 []


Underfull \hbox (badness 2005) in paragraph at lines 277--277
\T1/IbarraRealNova-LF/m/n/10 (+20) fer-ent guilds,
 []


Underfull \hbox (badness 10000) in paragraph at lines 277--277
\T1/IbarraRealNova-LF/m/n/10 (+20) sed-i-ment
 []


Underfull \hbox (badness 10000) in paragraph at lines 277--277
\T1/IbarraRealNova-LF/m/n/10 (+20) ef-fects on the vari-ables
 []


Package natbib Warning: Citation `Sanders2014' on page 19 undefined on input line 277.


Underfull \hbox (badness 10000) in paragraph at lines 277--277
[]|\T1/IbarraRealNova-LF/m/n/10 (+5) Expanded
 []


Underfull \hbox (badness 10000) in paragraph at lines 277--277
[]|\T1/IbarraRealNova-LF/m/n/10 (+20) Mechanism-
 []


Underfull \hbox (badness 10000) in paragraph at lines 277--277
[]|\T1/IbarraRealNova-LF/m/n/10 (+20) Different
 []


Underfull \hbox (badness 10000) in paragraph at lines 277--277
\T1/IbarraRealNova-LF/m/n/10 (+20) ef-fects of
 []


Underfull \hbox (badness 10000) in paragraph at lines 277--277
\T1/IbarraRealNova-LF/m/n/10 (+20) ecosys-tem
 []


Package natbib Warning: Citation `Bachelot2015' on page 19 undefined on input line 277.


Underfull \hbox (badness 10000) in paragraph at lines 277--277
[]|\T1/IbarraRealNova-LF/m/n/10 (+5) Expanded
 []


Underfull \hbox (badness 10000) in paragraph at lines 277--277
[]|\T1/IbarraRealNova-LF/m/n/10 (+20) Mechanism-
 []


Underfull \hbox (badness 10000) in paragraph at lines 277--277
[]|\T1/IbarraRealNova-LF/m/n/10 (+20) Antagonistic,
 []


Underfull \hbox (badness 10000) in paragraph at lines 277--277
\T1/IbarraRealNova-LF/m/n/10 (+20) com-pet-i-tive,
 []


Underfull \hbox (badness 1194) in paragraph at lines 277--277
\T1/IbarraRealNova-LF/m/n/10 (+20) tence of plant species in-
 []


Package natbib Warning: Citation `Kefi2016a' on page 19 undefined on input line 277.


Underfull \hbox (badness 10000) in paragraph at lines 277--277
\T1/IbarraRealNova-LF/m/n/10 (+20) net-work
 []


Underfull \hbox (badness 10000) in paragraph at lines 277--277
\T1/IbarraRealNova-LF/m/n/10 (+20) anal-ysed
 []


Underfull \hbox (badness 10000) in paragraph at lines 277--277
\T1/IbarraRealNova-LF/m/n/10 (+20) as an
 []


Underfull \hbox (badness 10000) in paragraph at lines 277--277
\T1/IbarraRealNova-LF/m/n/10 (+20) ex-panded
 []


Underfull \hbox (badness 2376) in paragraph at lines 277--277
\T1/IbarraRealNova-LF/m/n/10 (+20) food web
 []


Underfull \hbox (badness 10000) in paragraph at lines 277--277
[]|\T1/IbarraRealNova-LF/m/n/10 (+20) Mechanism-
 []


Underfull \hbox (badness 10000) in paragraph at lines 277--277
[]|\T1/IbarraRealNova-LF/m/n/10 (+20) Trophic
 []


Underfull \hbox (badness 10000) in paragraph at lines 277--277
\T1/IbarraRealNova-LF/m/n/10 (+20) and sev-eral
 []


Underfull \hbox (badness 10000) in paragraph at lines 277--277
\T1/IbarraRealNova-LF/m/n/10 (+20) non-trophic
 []


Underfull \hbox (badness 4779) in paragraph at lines 277--277
\T1/IbarraRealNova-LF/m/n/10 (+20) of the mod-
 []


Underfull \hbox (badness 10000) in paragraph at lines 277--277
\T1/IbarraRealNova-LF/m/n/10 (+20) for species
 []


Underfull \hbox (badness 10000) in paragraph at lines 277--277
\T1/IbarraRealNova-LF/m/n/10 (+20) iden-ti-fi-ca-tion
 []


Underfull \hbox (badness 10000) in paragraph at lines 277--277
\T1/IbarraRealNova-LF/m/n/10 (+20) and ex-pert
 []


Underfull \hbox (badness 10000) in paragraph at lines 277--277
\T1/IbarraRealNova-LF/m/n/10 (+20) in-ter-ac-tion
 []


Package natbib Warning: Citation `Fontaine2011' on page 19 undefined on input line 277.


Underfull \hbox (badness 1946) in paragraph at lines 277--277
[]|\T1/IbarraRealNova-LF/m/n/10 (+20) Conceptual study on the
 []


Underfull \hbox (badness 10000) in paragraph at lines 277--277
\T1/IbarraRealNova-LF/m/n/10 (+20) con-se-quences and chal-
 []


Underfull \hbox (badness 10000) in paragraph at lines 277--277
\T1/IbarraRealNova-LF/m/n/10 (+20) lenges of merg-ing two
 []


Package natbib Warning: Citation `Pocock2012' on page 19 undefined on input line 277.


Underfull \hbox (badness 10000) in paragraph at lines 277--277
[]|\T1/IbarraRealNova-LF/m/n/10 (+20) Mechanism-
 []


Underfull \hbox (badness 10000) in paragraph at lines 277--277
[]|\T1/IbarraRealNova-LF/m/n/10 (+20) Trophic,
 []


Underfull \hbox (badness 2856) in paragraph at lines 277--277
\T1/IbarraRealNova-LF/m/n/10 (+20) sev-eral types
 []


Underfull \hbox (badness 10000) in paragraph at lines 277--277
[]|\T1/IbarraRealNova-LF/m/n/10 (+20) Interaction
 []


Underfull \hbox (badness 1874) in paragraph at lines 277--277
\T1/IbarraRealNova-LF/m/n/10 (+20) sign-ing in-ter-
 []


Package natbib Warning: Citation `Evans2013a' on page 19 undefined on input line 277.


Underfull \hbox (badness 10000) in paragraph at lines 277--277
[]|\T1/IbarraRealNova-LF/m/n/10 (+20) Mechanism-
 []


Underfull \hbox (badness 10000) in paragraph at lines 277--277
[]|\T1/IbarraRealNova-LF/m/n/10 (+20) Trophic,
 []


Underfull \hbox (badness 2856) in paragraph at lines 277--277
\T1/IbarraRealNova-LF/m/n/10 (+20) sev-eral types
 []


Underfull \hbox (badness 10000) in paragraph at lines 277--277
[]|\T1/IbarraRealNova-LF/m/n/10 (+20) Interaction
 []


Underfull \hbox (badness 1874) in paragraph at lines 277--277
\T1/IbarraRealNova-LF/m/n/10 (+20) sign-ing in-ter-
 []


Underfull \hbox (badness 10000) in paragraph at lines 277--277
[]|\T1/IbarraRealNova-LF/m/n/10 (+20) Habitats of an agro-
 []


Underfull \hbox (badness 10000) in paragraph at lines 277--277
\T1/IbarraRealNova-LF/m/n/10 (+20) ecosystem con-tribute
 []


Package natbib Warning: Citation `Kefi2015' on page 19 undefined on input line 277.


Underfull \hbox (badness 10000) in paragraph at lines 277--277
[]|\T1/IbarraRealNova-LF/m/n/10 (+20) Mechanism-
 []


Underfull \hbox (badness 10000) in paragraph at lines 277--277
[]|\T1/IbarraRealNova-LF/m/n/10 (+20) Trophic,
 []


Underfull \hbox (badness 10000) in paragraph at lines 277--277
\T1/IbarraRealNova-LF/m/n/10 (+20) pos-i-tive
 []


Underfull \hbox (badness 10000) in paragraph at lines 277--277
\T1/IbarraRealNova-LF/m/n/10 (+20) non-trophic
 []


Underfull \hbox (badness 2538) in paragraph at lines 277--277
\T1/IbarraRealNova-LF/m/n/10 (+20) and neg-a-tive
 []


Underfull \hbox (badness 10000) in paragraph at lines 277--277
\T1/IbarraRealNova-LF/m/n/10 (+20) for species
 []


Underfull \hbox (badness 10000) in paragraph at lines 277--277
\T1/IbarraRealNova-LF/m/n/10 (+20) iden-ti-fi-ca-tion
 []


Underfull \hbox (badness 10000) in paragraph at lines 277--277
\T1/IbarraRealNova-LF/m/n/10 (+20) and ex-pert
 []


Underfull \hbox (badness 10000) in paragraph at lines 277--277
\T1/IbarraRealNova-LF/m/n/10 (+20) in-ter-ac-tion
 []


Package natbib Warning: Citation `Sander2015' on page 19 undefined on input line 277.


Underfull \hbox (badness 10000) in paragraph at lines 277--277
[]|\T1/IbarraRealNova-LF/m/n/10 (+20) Effect-based
 []


Underfull \hbox (badness 10000) in paragraph at lines 277--277
\T1/IbarraRealNova-LF/m/n/10 (+20) (tatoosh
 []


Underfull \hbox (badness 10000) in paragraph at lines 277--277
\T1/IbarraRealNova-LF/m/n/10 (+20) is-land and
 []


Underfull \hbox (badness 10000) in paragraph at lines 277--277
\T1/IbarraRealNova-LF/m/n/10 (+20) doñana
 []


Underfull \hbox (badness 10000) in paragraph at lines 277--277
\T1/IbarraRealNova-LF/m/n/10 (+20) net-works),
 []


Underfull \hbox (badness 10000) in paragraph at lines 277--277
\T1/IbarraRealNova-LF/m/n/10 (+20) Mechanism-
 []


Underfull \hbox (badness 10000) in paragraph at lines 277--277
\T1/IbarraRealNova-LF/m/n/10 (+20) based (nor-
 []


Underfull \hbox (badness 10000) in paragraph at lines 277--277
\T1/IbarraRealNova-LF/m/n/10 (+20) wood net-
 []


Underfull \hbox (badness 5022) in paragraph at lines 277--277
\T1/IbarraRealNova-LF/m/n/10 (+20) work, which
 []


Underfull \hbox (badness 10000) in paragraph at lines 277--277
\T1/IbarraRealNova-LF/m/n/10 (+20) dif-fer-en-ti-ates
 []


Underfull \hbox (badness 10000) in paragraph at lines 277--277
[]|\T1/IbarraRealNova-LF/m/n/10 (+20) Three net-
 []


Underfull \hbox (badness 10000) in paragraph at lines 277--277
\T1/IbarraRealNova-LF/m/n/10 (+20) works with
 []


Underfull \hbox (badness 10000) in paragraph at lines 277--277
\T1/IbarraRealNova-LF/m/n/10 (+20) dif-fer-ent
 []


Underfull \hbox (badness 4279) in paragraph at lines 277--277
[]|\T1/IbarraRealNova-LF/m/n/10 (+20) Different for
 []


Package natbib Warning: Citation `Dattilo2016' on page 19 undefined on input line 277.


Underfull \hbox (badness 10000) in paragraph at lines 277--277
[]|\T1/IbarraRealNova-LF/m/n/10 (+20) Mechanism-
 []


Underfull \hbox (badness 10000) in paragraph at lines 277--277
[]|\T1/IbarraRealNova-LF/m/n/10 (+20) Different
 []


Underfull \hbox (badness 10000) in paragraph at lines 277--277
\T1/IbarraRealNova-LF/m/n/10 (+20) types of
 []


Underfull \hbox (badness 10000) in paragraph at lines 277--277
\T1/IbarraRealNova-LF/m/n/10 (+20) mu-tu-al-is-tic
 []


Package natbib Warning: Citation `Gracia-Lazaro2018' on page 19 undefined on input line 277.


Underfull \hbox (badness 10000) in paragraph at lines 277--277
[]|\T1/IbarraRealNova-LF/m/n/10 (+20) Competition
 []


Underfull \hbox (badness 10000) in paragraph at lines 277--277
\T1/IbarraRealNova-LF/m/n/10 (+20) (intra-layer)
 []


Underfull \hbox (badness 10000) in paragraph at lines 277--277
\T1/IbarraRealNova-LF/m/n/10 (+20) and mu-
 []


Underfull \hbox (badness 10000) in paragraph at lines 277--277
\T1/IbarraRealNova-LF/m/n/10 (+20) tu-al-ism
 []


Underfull \hbox (badness 10000) in paragraph at lines 277--277
[]|\T1/IbarraRealNova-LF/m/n/10 (+20) Adjacency
 []


Underfull \hbox (badness 1776) in paragraph at lines 277--277
\T1/IbarraRealNova-LF/m/n/10 (+20) sev-eral plant-
 []


Underfull \hbox (badness 10000) in paragraph at lines 277--277
\T1/IbarraRealNova-LF/m/n/10 (+20) pollinator
 []


Underfull \hbox (badness 10000) in paragraph at lines 277--277
\T1/IbarraRealNova-LF/m/n/10 (+20) em-pir-i-cal
 []


Package natbib Warning: Citation `Pilosof2017' on page 19 undefined on input line 277.


Underfull \hbox (badness 1436) in paragraph at lines 277--277
[]|\T1/IbarraRealNova-LF/m/n/10 (+20) Framework and ex-am-ples
 []


Underfull \hbox (badness 2150) in paragraph at lines 277--277
\T1/IbarraRealNova-LF/m/n/10 (+20) works to eco-log-i-cal ques-
 []


Package natbib Warning: Citation `Bastolla2009' on page 19 undefined on input line 277.


Underfull \hbox (badness 10000) in paragraph at lines 277--277
[]|\T1/IbarraRealNova-LF/m/n/10 (+20) Equal
 []


Underfull \hbox (badness 10000) in paragraph at lines 277--277
\T1/IbarraRealNova-LF/m/n/10 (+20) foot-ing
 []


Underfull \hbox (badness 10000) in paragraph at lines 277--277
[]|\T1/IbarraRealNova-LF/m/n/10 (+20) Competition
 []


Underfull \hbox (badness 10000) in paragraph at lines 277--277
\T1/IbarraRealNova-LF/m/n/10 (+20) and mu-tu-al-
 []


Package natbib Warning: Citation `Melian2009' on page 19 undefined on input line 277.


Underfull \hbox (badness 10000) in paragraph at lines 277--277
\T1/IbarraRealNova-LF/m/n/10 (+20) net-work
 []


Underfull \hbox (badness 10000) in paragraph at lines 277--277
\T1/IbarraRealNova-LF/m/n/10 (+20) flat-tened
 []


Underfull \hbox (badness 10000) in paragraph at lines 277--277
\T1/IbarraRealNova-LF/m/n/10 (+20) to an
 []


Underfull \hbox (badness 10000) in paragraph at lines 277--277
\T1/IbarraRealNova-LF/m/n/10 (+20) equal
 []


Underfull \hbox (badness 10000) in paragraph at lines 277--277
\T1/IbarraRealNova-LF/m/n/10 (+20) foot-ing
 []


Underfull \hbox (badness 10000) in paragraph at lines 277--277
[]|\T1/IbarraRealNova-LF/m/n/10 (+20) Antagonistic
 []


Underfull \hbox (badness 10000) in paragraph at lines 277--277
\T1/IbarraRealNova-LF/m/n/10 (+20) and mu-
 []


Underfull \hbox (badness 10000) in paragraph at lines 277--277
\T1/IbarraRealNova-LF/m/n/10 (+20) tu-al-is-tic
 []


Underfull \hbox (badness 10000) in paragraph at lines 277--277
[]|\T1/IbarraRealNova-LF/m/n/10 (+20) Binary and
 []


Underfull \hbox (badness 10000) in paragraph at lines 277--277
\T1/IbarraRealNova-LF/m/n/10 (+20) rel-a-tive in-
 []


Underfull \hbox (badness 10000) in paragraph at lines 277--277
\T1/IbarraRealNova-LF/m/n/10 (+20) ter-ac-tion
 []


Underfull \hbox (badness 10000) in paragraph at lines 277--277
\T1/IbarraRealNova-LF/m/n/10 (+20) fre-quency
 []


Underfull \hbox (badness 10000) in paragraph at lines 277--277
[]|\T1/IbarraRealNova-LF/m/n/10 (+20) Aggregated
 []


Package natbib Warning: Citation `Almaraz2011' on page 19 undefined on input line 277.


Underfull \hbox (badness 10000) in paragraph at lines 277--277
[]|\T1/IbarraRealNova-LF/m/n/10 (+20) Equal
 []


Underfull \hbox (badness 10000) in paragraph at lines 277--277
\T1/IbarraRealNova-LF/m/n/10 (+20) foot-ing
 []


Underfull \hbox (badness 10000) in paragraph at lines 277--277
[]|\T1/IbarraRealNova-LF/m/n/10 (+20) Negative
 []


Underfull \hbox (badness 10000) in paragraph at lines 277--277
[]|\T1/IbarraRealNova-LF/m/n/10 (+20) Abundance
 []


Underfull \hbox (badness 2245) in paragraph at lines 277--277
[]|\T1/IbarraRealNova-LF/m/n/10 (+20) Body size ef-fec-tively pre-
 []


Package natbib Warning: Citation `Allesina2012' on page 19 undefined on input line 277.


Underfull \hbox (badness 10000) in paragraph at lines 277--277
[]|\T1/IbarraRealNova-LF/m/n/10 (+20) Equal
 []


Underfull \hbox (badness 10000) in paragraph at lines 277--277
\T1/IbarraRealNova-LF/m/n/10 (+20) foot-ing
 []


Underfull \hbox (badness 10000) in paragraph at lines 277--277
\T1/IbarraRealNova-LF/m/n/10 (+20) of com-pe-
 []


Underfull \hbox (badness 10000) in paragraph at lines 277--277
\T1/IbarraRealNova-LF/m/n/10 (+20) ti-tion and
 []


Package natbib Warning: Citation `Mougi2012' on page 19 undefined on input line 277.


Underfull \hbox (badness 10000) in paragraph at lines 277--277
[]|\T1/IbarraRealNova-LF/m/n/10 (+20) Equal
 []


Underfull \hbox (badness 10000) in paragraph at lines 277--277
\T1/IbarraRealNova-LF/m/n/10 (+20) foot-ing
 []


Underfull \hbox (badness 10000) in paragraph at lines 277--277
[]|\T1/IbarraRealNova-LF/m/n/10 (+20) Antagonistic
 []


Underfull \hbox (badness 2229) in paragraph at lines 277--277
\T1/IbarraRealNova-LF/m/n/10 (+20) creas-ing com-plex-ity sta-bi-
 []


Package natbib Warning: Citation `Mougi2014' on page 19 undefined on input line 277.


Underfull \hbox (badness 10000) in paragraph at lines 277--277
[]|\T1/IbarraRealNova-LF/m/n/10 (+20) Equal
 []


Underfull \hbox (badness 10000) in paragraph at lines 277--277
\T1/IbarraRealNova-LF/m/n/10 (+20) foot-ing
 []


Underfull \hbox (badness 10000) in paragraph at lines 277--277
[]|\T1/IbarraRealNova-LF/m/n/10 (+20) Antagonistic,
 []


Underfull \hbox (badness 10000) in paragraph at lines 277--277
\T1/IbarraRealNova-LF/m/n/10 (+20) com-pet-i-
 []


Underfull \hbox (badness 10000) in paragraph at lines 277--277
\T1/IbarraRealNova-LF/m/n/10 (+20) tive and
 []


Underfull \hbox (badness 4981) in paragraph at lines 277--277
[]|\T1/IbarraRealNova-LF/m/n/10 (+20) Moderate mix-ing of the
 []


Package natbib Warning: Citation `Sauve2014' on page 19 undefined on input line 277.


Underfull \hbox (badness 10000) in paragraph at lines 277--277
[]|\T1/IbarraRealNova-LF/m/n/10 (+20) Equal
 []


Underfull \hbox (badness 10000) in paragraph at lines 277--277
\T1/IbarraRealNova-LF/m/n/10 (+20) foot-ing
 []


Underfull \hbox (badness 10000) in paragraph at lines 277--277
[]|\T1/IbarraRealNova-LF/m/n/10 (+20) Antagonistic
 []


Package natbib Warning: Citation `Suweis2014' on page 19 undefined on input line 277.


Underfull \hbox (badness 10000) in paragraph at lines 277--277
[]|\T1/IbarraRealNova-LF/m/n/10 (+20) Equal
 []


Underfull \hbox (badness 10000) in paragraph at lines 277--277
\T1/IbarraRealNova-LF/m/n/10 (+20) foot-ing
 []


Underfull \hbox (badness 10000) in paragraph at lines 277--277
[]|\T1/IbarraRealNova-LF/m/n/10 (+20) Antagonistic
 []


Underfull \hbox (badness 3460) in paragraph at lines 277--277
\T1/IbarraRealNova-LF/m/n/10 (+20) does not sta-bi-lize model
 []


Package natbib Warning: Citation `Kondoh2015' on page 19 undefined on input line 277.


Underfull \hbox (badness 10000) in paragraph at lines 277--277
[]|\T1/IbarraRealNova-LF/m/n/10 (+20) Equal
 []


Underfull \hbox (badness 10000) in paragraph at lines 277--277
\T1/IbarraRealNova-LF/m/n/10 (+20) foot-ing
 []


Underfull \hbox (badness 10000) in paragraph at lines 277--277
[]|\T1/IbarraRealNova-LF/m/n/10 (+20) Antagonistic
 []


Underfull \hbox (badness 2376) in paragraph at lines 277--277
\T1/IbarraRealNova-LF/m/n/10 (+20) por-tions of con-stant and
 []


Package natbib Warning: Citation `Lurgi2016' on page 19 undefined on input line 277.


Underfull \hbox (badness 10000) in paragraph at lines 277--277
[]|\T1/IbarraRealNova-LF/m/n/10 (+20) Equal
 []


Underfull \hbox (badness 10000) in paragraph at lines 277--277
\T1/IbarraRealNova-LF/m/n/10 (+20) foot-ing
 []


Underfull \hbox (badness 10000) in paragraph at lines 277--277
[]|\T1/IbarraRealNova-LF/m/n/10 (+20) Antagonistic,
 []


Package natbib Warning: Citation `Mougi2016a' on page 19 undefined on input line 277.


Underfull \hbox (badness 10000) in paragraph at lines 277--277
[]|\T1/IbarraRealNova-LF/m/n/10 (+20) Equal
 []


Underfull \hbox (badness 10000) in paragraph at lines 277--277
\T1/IbarraRealNova-LF/m/n/10 (+20) foot-ing
 []


Underfull \hbox (badness 10000) in paragraph at lines 277--277
[]|\T1/IbarraRealNova-LF/m/n/10 (+20) Antagonistic,
 []


Underfull \hbox (badness 10000) in paragraph at lines 277--277
\T1/IbarraRealNova-LF/m/n/10 (+20) mu-tu-al-is-tic,
 []


Underfull \hbox (badness 10000) in paragraph at lines 277--277
\T1/IbarraRealNova-LF/m/n/10 (+20) com-pet-i-tive,
 []


Underfull \hbox (badness 10000) in paragraph at lines 277--277
\T1/IbarraRealNova-LF/m/n/10 (+20) amen-sal-is-tic,
 []


Underfull \hbox (badness 10000) in paragraph at lines 277--277
\T1/IbarraRealNova-LF/m/n/10 (+20) com-men-sal-is-
 []


Package natbib Warning: Citation `Mougi2016b' on page 19 undefined on input line 277.


Underfull \hbox (badness 10000) in paragraph at lines 277--277
[]|\T1/IbarraRealNova-LF/m/n/10 (+20) Equal
 []


Underfull \hbox (badness 10000) in paragraph at lines 277--277
\T1/IbarraRealNova-LF/m/n/10 (+20) foot-ing
 []


Underfull \hbox (badness 10000) in paragraph at lines 277--277
[]|\T1/IbarraRealNova-LF/m/n/10 (+20) Antagonistic
 []


Underfull \hbox (badness 1735) in paragraph at lines 277--277
\T1/IbarraRealNova-LF/m/n/10 (+20) ac-tion part-ners in hy-brid
 []


Underfull \hbox (badness 10000) in paragraph at lines 277--277
\T1/IbarraRealNova-LF/m/n/10 (+20) antagonistic-mutualistic
 []


Package natbib Warning: Citation `Sauve2016' on page 19 undefined on input line 277.


Underfull \hbox (badness 10000) in paragraph at lines 277--277
\T1/IbarraRealNova-LF/m/n/10 (+20) net-work
 []


Underfull \hbox (badness 10000) in paragraph at lines 277--277
\T1/IbarraRealNova-LF/m/n/10 (+20) flat-tened
 []


Underfull \hbox (badness 10000) in paragraph at lines 277--277
\T1/IbarraRealNova-LF/m/n/10 (+20) to an
 []


Underfull \hbox (badness 10000) in paragraph at lines 277--277
\T1/IbarraRealNova-LF/m/n/10 (+20) equal
 []


Underfull \hbox (badness 10000) in paragraph at lines 277--277
\T1/IbarraRealNova-LF/m/n/10 (+20) foot-ing
 []


Underfull \hbox (badness 10000) in paragraph at lines 277--277
[]|\T1/IbarraRealNova-LF/m/n/10 (+20) Pollination
 []


Underfull \hbox (badness 10000) in paragraph at lines 277--277
[]|\T1/IbarraRealNova-LF/m/n/10 (+20) Binary and
 []


Underfull \hbox (badness 10000) in paragraph at lines 277--277
\T1/IbarraRealNova-LF/m/n/10 (+20) species'
 []


Underfull \hbox (badness 1874) in paragraph at lines 277--277
\T1/IbarraRealNova-LF/m/n/10 (+20) sign-ing in-ter-
 []


Package natbib Warning: Citation `Sellman2016' on page 19 undefined on input line 277.


Underfull \hbox (badness 10000) in paragraph at lines 277--277
[]|\T1/IbarraRealNova-LF/m/n/10 (+20) Equal
 []


Underfull \hbox (badness 10000) in paragraph at lines 277--277
\T1/IbarraRealNova-LF/m/n/10 (+20) foot-ing
 []


Underfull \hbox (badness 10000) in paragraph at lines 277--277
[]|\T1/IbarraRealNova-LF/m/n/10 (+20) Antagonistic
 []


Underfull \hbox (badness 10000) in paragraph at lines 277--277
\T1/IbarraRealNova-LF/m/n/10 (+20) ex-tinc-tions is higher in
 []


Underfull \hbox (badness 10000) in paragraph at lines 277--277
\T1/IbarraRealNova-LF/m/n/10 (+20) mixed than single-type
 []

[19


] [20] [21] [22] [23]

[24]

Package natbib Warning: Citation `Kefi2012' on page 25 undefined on input line 283.


Package natbib Warning: Citation `Peacor1997' on page 25 undefined on input line 283.


Package natbib Warning: Citation `Stachowicz2001' on page 25 undefined on input line 295.


Package natbib Warning: Citation `Golubski2016' on page 25 undefined on input line 295.


Package natbib Warning: Citation `Golubski2011' on page 25 undefined on input line 295.

<./Figures/chapter02/Fig_1.png, id=591, 477.9456pt x 158.0304pt>
File: ./Figures/chapter02/Fig_1.png Graphic file (type png)
<use ./Figures/chapter02/Fig_1.png>
Package pdftex.def Info: ./Figures/chapter02/Fig_1.png  used on input line 301.
(pdftex.def)             Requested size: 426.0pt x 140.85638pt.


[25


]

Package natbib Warning: Citation `Boccaletti2014' on page 26 undefined on input line 307.


Package natbib Warning: Citation `Kivela2014' on page 26 undefined on input line 307.


Package natbib Warning: Citation `Pilosof2017' on page 26 undefined on input line 309.


Package natbib Warning: Citation `Kivela2014' on page 26 undefined on input line 311.


Package natbib Warning: Citation `Pilosof2017' on page 26 undefined on input line 311.


Underfull \vbox (badness 1406) has occurred while \output is active []



[26 <./Figures/chapter02/Fig_1.png (PNG copy)>]

Package natbib Warning: Citation `vonHaeseler2012' on page 27 undefined on input line 313.


Package natbib Warning: Citation `Pilosof2017' on page 27 undefined on input line 313.


Package natbib Warning: Citation `Stella2016' on page 27 undefined on input line 313.


Package natbib Warning: Citation `Gracia-Lazaro2018' on page 27 undefined on input line 313.


Package natbib Warning: Citation `Melian2009' on page 27 undefined on input line 313.


Package natbib Warning: Citation `Kefi2015' on page 27 undefined on input line 313.


Package natbib Warning: Citation `Pocock2012' on page 27 undefined on input line 313.


Package natbib Warning: Citation `Evans2013a' on page 27 undefined on input line 313.


Package natbib Warning: Citation `Kefi2016a' on page 27 undefined on input line 313.


Package natbib Warning: Citation `Kivela2014' on page 27 undefined on input line 315.


Package natbib Warning: Citation `Kivela2014' on page 27 undefined on input line 315.


Package natbib Warning: Citation `Abrams1987' on page 27 undefined on input line 319.


Underfull \vbox (badness 10000) has occurred while \output is active []



[27]

Package natbib Warning: Citation `Mougi2012' on page 28 undefined on input line 323.


Package natbib Warning: Citation `Suweis2014' on page 28 undefined on input line 323.


Package natbib Warning: Citation `Kondoh2015' on page 28 undefined on input line 323.


Package natbib Warning: Citation `Mougi2012' on page 28 undefined on input line 323.


Package natbib Warning: Citation `Mougi2016a' on page 28 undefined on input line 323.


Package natbib Warning: Citation `Mougi2016b' on page 28 undefined on input line 323.


Package natbib Warning: Citation `Melian2009' on page 28 undefined on input line 325.



[28]

[29]
Package mdframed Info: mdframed works in twoside mode on input line 331.


Package natbib Warning: Citation `Kefi2015' on page 30 undefined on input line 335.


Package natbib Warning: Citation `Pilosof2017' on page 30 undefined on input line 335.


Package natbib Warning: Citation `Kefi2016a' on page 30 undefined on input line 337.

<./Figures/chapter02/Box_1_Fig_1.png, id=629, 861.2175pt x 755.82375pt>
File: ./Figures/chapter02/Box_1_Fig_1.png Graphic file (type png)
<use ./Figures/chapter02/Box_1_Fig_1.png>
Package pdftex.def Info: ./Figures/chapter02/Box_1_Fig_1.png  used on input line 346.
(pdftex.def)             Requested size: 384.93877pt x 337.83401pt.
Package mdframed Info: Not enough space on this page on input line 352.


[30

]

Package natbib Warning: Citation `Chacoff2012' on page 31 undefined on input line 357.


Package natbib Warning: Citation `Olesen2011a' on page 31 undefined on input line 357.


Package natbib Warning: Citation `Morales-Castilla2015' on page 31 undefined on input line 357.


Package natbib Warning: Citation `Gravel2016' on page 31 undefined on input line 357.


Package natbib Warning: Citation `Berlow2004' on page 31 undefined on input line 357.


Package natbib Warning: Citation `Wootton2005' on page 31 undefined on input line 357.


Package natbib Warning: Citation `Holland2002' on page 31 undefined on input line 357.


Package natbib Warning: Citation `Novak2008' on page 31 undefined on input line 357.


Package natbib Warning: Citation `Melian2009' on page 31 undefined on input line 357.


Package natbib Warning: Citation `Hechinger2011' on page 31 undefined on input line 357.


Package natbib Warning: Citation `Pocock2012' on page 31 undefined on input line 357.


Package natbib Warning: Citation `Sander2015' on page 31 undefined on input line 357.


Package natbib Warning: Citation `Kefi2015' on page 31 undefined on input line 357.



[31 <./Figures/chapter02/Box_1_Fig_1.png (PNG copy)>]

Package natbib Warning: Citation `Melian2009' on page 32 undefined on input line 359.


Package natbib Warning: Citation `Hechinger2011' on page 32 undefined on input line 359.


Package natbib Warning: Citation `Kefi2015' on page 32 undefined on input line 359.


Package natbib Warning: Citation `Sander2015' on page 32 undefined on input line 359.


Package natbib Warning: Citation `Pocock2012' on page 32 undefined on input line 359.


Package natbib Warning: Citation `Pocock2012' on page 32 undefined on input line 359.


Underfull \hbox (badness 10000) in paragraph at lines 389--389
[]|\T1/IbarraRealNova-LF/m/n/10 (+20) Temporal
 []


Underfull \hbox (badness 10000) in paragraph at lines 389--389
[]|\T1/IbarraRealNova-LF/m/n/10 (+20) Habitat
 []


Underfull \hbox (badness 10000) in paragraph at lines 389--389
[]|\T1/IbarraRealNova-LF/m/n/10 (+20) Interaction
 []


Underfull \hbox (badness 10000) in paragraph at lines 389--389
[]|\T1/IbarraRealNova-LF/m/n/10 (+20) Natural
 []


Underfull \hbox (badness 10000) in paragraph at lines 389--389
\T1/IbarraRealNova-LF/m/n/10 (+20) his-tory of
 []


Package natbib Warning: Citation `Morales-Castilla2015' on page 32 undefined on input line 393.


Package natbib Warning: Citation `Deyle2016' on page 32 undefined on input line 393.


Package natbib Warning: Citation `Novak2008' on page 32 undefined on input line 393.


Package natbib Warning: Citation `Berlow2009' on page 32 undefined on input line 393.


Package natbib Warning: Citation `Vazquez2012' on page 32 undefined on input line 393.


Package natbib Warning: Citation `Poisot2015' on page 32 undefined on input line 393.


Package natbib Warning: Citation `Vazquez2005' on page 32 undefined on input line 393.


Package natbib Warning: Citation `Vazquez2005' on page 32 undefined on input line 393.


Package natbib Warning: Citation `Vazquez2012' on page 32 undefined on input line 393.


Package natbib Warning: Citation `Vazquez2007' on page 32 undefined on input line 393.


Package natbib Warning: Citation `Araujo2014' on page 32 undefined on input line 393.


Package natbib Warning: Citation `Canard2012' on page 32 undefined on input line 393.


Package natbib Warning: Citation `Canard2014' on page 32 undefined on input line 393.


Package natbib Warning: Citation `Cazelles2016' on page 32 undefined on input line 393.



[32]
Package mdframed Info: mdframed works in twoside mode on input line 396.


Package natbib Warning: Citation `Abrams1987' on page 33 undefined on input line 402.


Package natbib Warning: Citation `Araujo2014' on page 33 undefined on input line 404.


Package natbib Warning: Citation `Arthur1989' on page 33 undefined on input line 404.


Package natbib Warning: Citation `Sousa1993' on page 33 undefined on input line 404.


Package natbib Warning: Citation `Arditi2005' on page 33 undefined on input line 406.


Package natbib Warning: Citation `Goudard2008' on page 33 undefined on input line 406.


Package natbib Warning: Citation `Prasad2010' on page 33 undefined on input line 406.


Package natbib Warning: Citation `Kefi2012' on page 33 undefined on input line 406.


Package natbib Warning: Citation `Abrams1987' on page 33 undefined on input line 406.



[33]

[34]
LaTeX Info: Symbol \texttwosuperior not provided by
            font family IbarraRealNova-LF in TS1 encoding.
            Default family used instead on input line 443.


Package natbib Warning: Citation `Perez-Mellado2006' on page 35 undefined on input line 443.


Package natbib Warning: Citation `Perez-Mellado2006' on page 35 undefined on input line 445.


Package natbib Warning: Citation `Perez-Mellado2000' on page 35 undefined on input line 445.


Package natbib Warning: Citation `Perez-Mellado2008' on page 35 undefined on input line 445.


Package natbib Warning: Citation `Perez-Mellado2006' on page 35 undefined on input line 445.



[35{c:/texlive/2025/texmf-dist/fonts/enc/dvips/cm-super/cm-super-ts1.enc}]

Package natbib Warning: Citation `Kefi2012' on page 36 undefined on input line 459.



[36]
<./Figures/chapter02/Fig_2.png, id=674, 511.15968pt x 275.52937pt>
File: ./Figures/chapter02/Fig_2.png Graphic file (type png)
<use ./Figures/chapter02/Fig_2.png>
Package pdftex.def Info: ./Figures/chapter02/Fig_2.png  used on input line 471.
(pdftex.def)             Requested size: 426.0pt x 229.62685pt.


Package natbib Warning: Citation `Coux2016' on page 37 undefined on input line 478.


Package natbib Warning: Citation `Sole-ribalta2014' on page 37 undefined on input line 478.


Package natbib Warning: Citation `DeDomenico2015a' on page 37 undefined on input line 478.


Package natbib Warning: Citation `DeDomenico2015a' on page 37 undefined on input line 478.


Package natbib Warning: Citation `Boccaletti2014' on page 37 undefined on input line 478.


Package natbib Warning: Citation `Stella2016' on page 37 undefined on input line 480.



[37 <./Figures/chapter02/Fig_2.png>]
LaTeX Font Info:    Font shape `T1/IbarraRealNova-LF/m/n' will be
(Font)              scaled to size 8.0pt on input line 491.
LaTeX Font Info:    Font shape `T1/IbarraRealNova-LF/m/n' will be
(Font)              scaled to size 6.0pt on input line 491.

Underfull \vbox (badness 3679) has occurred while \output is active []



[38]

Package natbib Warning: Citation `Perez-Mellado2006' on page 39 undefined on input line 518.



[39]

Package natbib Warning: Citation `Garcia-Algarra2014' on page 40 undefined on input line 539.


Package natbib Warning: Citation `Perez-Mellado2000' on page 40 undefined on input line 553.



[40]
<./Figures/chapter02/Fig_3.png, id=705, 193.2018pt x 266.6763pt>
File: ./Figures/chapter02/Fig_3.png Graphic file (type png)
<use ./Figures/chapter02/Fig_3.png>
Package pdftex.def Info: ./Figures/chapter02/Fig_3.png  used on input line 558.
(pdftex.def)             Requested size: 319.5pt x 441.03453pt.


[41]

Package natbib Warning: Citation `Perez-Mellado2006' on page 42 undefined on input line 566.


Package natbib Warning: Citation `Perez-Mellado2000' on page 42 undefined on input line 566.


Underfull \vbox (badness 7814) has occurred while \output is active []



[42 <./Figures/chapter02/Fig_3.png (PNG copy)>]

[43])

[44]
\openout2 = `Chapters/Chapter03.aux'.

 (./Chapters/Chapter03.tex
<./Figures/cover/n_pared_2.jpg, id=728, 1063.975pt x 1204.5pt>
File: ./Figures/cover/n_pared_2.jpg Graphic file (type jpg)
<use ./Figures/cover/n_pared_2.jpg>
Package pdftex.def Info: ./Figures/cover/n_pared_2.jpg  used on input line 5.
(pdftex.def)             Requested size: 597.52661pt x 845.07408pt.


[45




 <./Figures/cover/n_pared_2.jpg>]

Package natbib Warning: Citation `Bascompte2007' on page 46 undefined on input line 14.


Package natbib Warning: Citation `Proulx2005' on page 46 undefined on input line 14.


Package natbib Warning: Citation `Strauss2004' on page 46 undefined on input line 16.


Package natbib Warning: Citation `Agrawal2007' on page 46 undefined on input line 16.


Package natbib Warning: Citation `Ings2009' on page 46 undefined on input line 16.


Package natbib Warning: Citation `Fontaine2011' on page 46 undefined on input line 16.


Package natbib Warning: Citation `Pilosof2017' on page 46 undefined on input line 16.


Package natbib Warning: Citation `Garcia-Callejas2018' on page 46 undefined on input line 16.


Package natbib Warning: Citation `Kefi2015' on page 46 undefined on input line 16.


Package natbib Warning: Citation `Kefi2016a' on page 46 undefined on input line 16.


Package natbib Warning: Citation `Pocock2012' on page 46 undefined on input line 16.


Package natbib Warning: Citation `Evans2013a' on page 46 undefined on input line 16.


Package natbib Warning: Citation `Mougi2012' on page 46 undefined on input line 16.


Package natbib Warning: Citation `Mougi2014' on page 46 undefined on input line 16.


Package natbib Warning: Citation `Kondoh2015' on page 46 undefined on input line 16.


Package natbib Warning: Citation `Suweis2014' on page 46 undefined on input line 16.


Package natbib Warning: Citation `Sellman2016' on page 46 undefined on input line 16.


Package natbib Warning: Citation `Melian2009' on page 46 undefined on input line 16.


Package natbib Warning: Citation `Sauve2014' on page 46 undefined on input line 16.


Package natbib Warning: Citation `Sauve2016' on page 46 undefined on input line 16.


Package natbib Warning: Citation `Melian2009' on page 46 undefined on input line 16.


Package natbib Warning: Citation `Sauve2014' on page 46 undefined on input line 16.


Package natbib Warning: Citation `Sauve2016' on page 46 undefined on input line 16.


Package natbib Warning: Citation `Mougi2012' on page 46 undefined on input line 16.


Package natbib Warning: Citation `Suweis2014' on page 46 undefined on input line 16.


Package natbib Warning: Citation `Mougi2016a' on page 46 undefined on input line 16.


Package natbib Warning: Citation `Mougi2016a' on page 46 undefined on input line 16.


Package natbib Warning: Citation `Allesina2012' on page 46 undefined on input line 16.



[46

]

Package natbib Warning: Citation `Allesina2012' on page 47 undefined on input line 18.


Package natbib Warning: Citation `Allesina2015' on page 47 undefined on input line 18.


Package natbib Warning: Citation `Jacquet2016' on page 47 undefined on input line 18.


Package natbib Warning: Citation `Pimm1982' on page 47 undefined on input line 18.


Package natbib Warning: Citation `Chen2001' on page 47 undefined on input line 18.


Package natbib Warning: Citation `Abrams1980' on page 47 undefined on input line 18.


Package natbib Warning: Citation `Abrams2001' on page 47 undefined on input line 18.


Package natbib Warning: Citation `Hernandez1998' on page 47 undefined on input line 18.


Package natbib Warning: Citation `Holland2009' on page 47 undefined on input line 18.


Underfull \vbox (badness 10000) has occurred while \output is active []



[47]

Package natbib Warning: Citation `Matthews2014a' on page 48 undefined on input line 37.


Package natbib Warning: Citation `Ulanowicz2014a' on page 48 undefined on input line 41.


Package natbib Warning: Citation `Hatton2015' on page 48 undefined on input line 41.


Package natbib Warning: Citation `Dodds1997' on page 48 undefined on input line 45.


Underfull \vbox (badness 1460) has occurred while \output is active []



[48]

Package natbib Warning: Citation `Morales-Castilla2015' on page 49 undefined on input line 47.


Package natbib Warning: Citation `Martinez1992' on page 49 undefined on input line 49.


Package natbib Warning: Citation `Thebault2010' on page 49 undefined on input line 49.

<./Figures/chapter03/Fig_1.png, id=751, 227.6505pt x 254.8722pt>
File: ./Figures/chapter03/Fig_1.png Graphic file (type png)
<use ./Figures/chapter03/Fig_1.png>
Package pdftex.def Info: ./Figures/chapter03/Fig_1.png  used on input line 55.
(pdftex.def)             Requested size: 213.0pt x 238.4793pt.

Package natbib Warning: Citation `Poisot2015' on page 49 undefined on input line 62.


Package natbib Warning: Citation `Aizen2014' on page 49 undefined on input line 62.


Package natbib Warning: Citation `Santamaria2007' on page 49 undefined on input line 62.


Package natbib Warning: Citation `Mazia2016' on page 49 undefined on input line 62.


Package natbib Warning: Citation `Poisot2017' on page 49 undefined on input line 62.


Package natbib Warning: Citation `Abrams1980' on page 49 undefined on input line 62.


Package natbib Warning: Citation `Abrams2001' on page 49 undefined on input line 62.


Package natbib Warning: Citation `Hernandez1998' on page 49 undefined on input line 62.


Package natbib Warning: Citation `Holland2009' on page 49 undefined on input line 62.


Package natbib Warning: Citation `Vazquez2005' on page 49 undefined on input line 62.


Package natbib Warning: Citation `Vazquez2012' on page 49 undefined on input line 62.


Package natbib Warning: Citation `Vazquez2007' on page 49 undefined on input line 62.


Package natbib Warning: Citation `Canard2012' on page 49 undefined on input line 62.


Package natbib Warning: Citation `Eklof2013' on page 49 undefined on input line 62.


Package natbib Warning: Citation `Vizentin-Bugoni2014' on page 49 undefined on input line 62.


Package natbib Warning: Citation `Sazatornil2016' on page 49 undefined on input line 62.


Package natbib Warning: Citation `Olito2014' on page 49 undefined on input line 62.


Package natbib Warning: Citation `Maestre2009' on page 49 undefined on input line 62.


Package natbib Warning: Citation `Menge1987' on page 49 undefined on input line 62.


Underfull \vbox (badness 10000) has occurred while \output is active []



[49]
Underfull \vbox (badness 3240) has occurred while \output is active []



[50 <./Figures/chapter03/Fig_1.png (PNG copy)>]

Package natbib Warning: Citation `Vazquez2012' on page 51 undefined on input line 64.


Package natbib Warning: Citation `Poisot2015' on page 51 undefined on input line 66.


Package natbib Warning: Citation `Garcia-Algarra2014' on page 51 undefined on input line 88.



[51]

Package natbib Warning: Citation `Garcia-Callejas2018' on page 52 undefined on input line 94.



[52]
<./Figures/chapter03/Fig_2.png, id=787, 512.1534pt x 179.59094pt>
File: ./Figures/chapter03/Fig_2.png Graphic file (type png)
<use ./Figures/chapter03/Fig_2.png>
Package pdftex.def Info: ./Figures/chapter03/Fig_2.png  used on input line 118.
(pdftex.def)             Requested size: 426.0pt x 149.38654pt.

Underfull \vbox (badness 10000) has occurred while \output is active []



[53 <./Figures/chapter03/Fig_2.png (PNG copy)>]
<./Figures/chapter03/Fig_3.png, id=799, 512.1534pt x 332.56245pt>
File: ./Figures/chapter03/Fig_3.png Graphic file (type png)
<use ./Figures/chapter03/Fig_3.png>
Package pdftex.def Info: ./Figures/chapter03/Fig_3.png  used on input line 131.
(pdftex.def)             Requested size: 426.0pt x 276.63063pt.


[54 <./Figures/chapter03/Fig_3.png (PNG copy)>]
<./Figures/chapter03/Fig_4.png, id=817, 477.9456pt x 493.3632pt>
File: ./Figures/chapter03/Fig_4.png Graphic file (type png)
<use ./Figures/chapter03/Fig_4.png>
Package pdftex.def Info: ./Figures/chapter03/Fig_4.png  used on input line 144.
(pdftex.def)             Requested size: 298.1987pt x 307.81674pt.


Package natbib Warning: Citation `Kefi2015' on page 55 undefined on input line 155.



[55 <./Figures/chapter03/Fig_4.png>]

Package natbib Warning: Citation `Montoya2009a' on page 56 undefined on input line 159.


Package natbib Warning: Citation `Novak2016' on page 56 undefined on input line 159.


Package natbib Warning: Citation `Mougi2012' on page 56 undefined on input line 161.


Package natbib Warning: Citation `Mougi2012' on page 56 undefined on input line 161.


Package natbib Warning: Citation `Suweis2014' on page 56 undefined on input line 161.


Package natbib Warning: Citation `Lurgi2016' on page 56 undefined on input line 161.


Package natbib Warning: Citation `Jain2001' on page 56 undefined on input line 161.



[56]

Package natbib Warning: Citation `Soliveres2014' on page 57 undefined on input line 165.


Package natbib Warning: Citation `Cavieres2009' on page 57 undefined on input line 165.


Package natbib Warning: Citation `Schemske2009' on page 57 undefined on input line 167.


Package natbib Warning: Citation `Moles2016' on page 57 undefined on input line 167.


Package natbib Warning: Citation `Schoener2016' on page 57 undefined on input line 167.


Package natbib Warning: Citation `Vazquez2012' on page 57 undefined on input line 167.


Package natbib Warning: Citation `Pocock2012' on page 57 undefined on input line 167.


Package natbib Warning: Citation `Sauve2014' on page 57 undefined on input line 171.


Package natbib Warning: Citation `Sauve2016' on page 57 undefined on input line 171.


Package natbib Warning: Citation `Jacquet2016' on page 57 undefined on input line 171.


Package natbib Warning: Citation `McCann1998' on page 57 undefined on input line 171.


Package natbib Warning: Citation `Tang2014' on page 57 undefined on input line 171.


Package natbib Warning: Citation `Tang2014' on page 57 undefined on input line 171.


Package natbib Warning: Citation `Santamaria2007' on page 57 undefined on input line 171.



[57]

Package natbib Warning: Citation `Jacquet2016' on page 58 undefined on input line 173.


Package natbib Warning: Citation `Hatton2015' on page 58 undefined on input line 175.


Package natbib Warning: Citation `Lafferty2006' on page 58 undefined on input line 175.


Package natbib Warning: Citation `Pocock2012' on page 58 undefined on input line 175.


Package natbib Warning: Citation `Evans2013a' on page 58 undefined on input line 175.


Package natbib Warning: Citation `Kefi2015' on page 58 undefined on input line 175.


Package natbib Warning: Citation `Kefi2016a' on page 58 undefined on input line 175.


Package natbib Warning: Citation `Sauve2016' on page 58 undefined on input line 175.


Package natbib Warning: Citation `Garcia-Callejas2018' on page 58 undefined on input line 175.


Underfull \vbox (badness 1097) has occurred while \output is active []



[58]

Package natbib Warning: Citation `Banasek-Richter2009' on page 59 undefined on input line 177.


Package natbib Warning: Citation `Holland2002' on page 59 undefined on input line 177.


Package natbib Warning: Citation `Valdovinos2010' on page 59 undefined on input line 177.


Package natbib Warning: Citation `Mougi2016b' on page 59 undefined on input line 177.


Package natbib Warning: Citation `Cavieres2009' on page 59 undefined on input line 177.

)

[59]

[60]
\openout2 = `Chapters/Chapter04.aux'.

 (./Chapters/Chapter04.tex
<./Figures/cover/barco_oceano.png, id=860, 559.08875pt x 572.1375pt>
File: ./Figures/cover/barco_oceano.png Graphic file (type png)
<use ./Figures/cover/barco_oceano.png>
Package pdftex.def Info: ./Figures/cover/barco_oceano.png  used on input line 5.
(pdftex.def)             Requested size: 597.52803pt x 845.0566pt.


[61




 <./Figures/cover/barco_oceano.png>]

Package natbib Warning: Citation `Basset1991' on page 62 undefined on input line 15.


Package natbib Warning: Citation `He1997' on page 62 undefined on input line 15.


Package natbib Warning: Citation `Hillebrand2008' on page 62 undefined on input line 17.


Package natbib Warning: Citation `Matthews2015' on page 62 undefined on input line 17.


Package natbib Warning: Citation `Wilsey2000' on page 62 undefined on input line 17.


Package natbib Warning: Citation `Ulrich2016' on page 62 undefined on input line 17.


Package natbib Warning: Citation `Passy2016' on page 62 undefined on input line 17.


Package natbib Warning: Citation `Komonen2017' on page 62 undefined on input line 17.


Package natbib Warning: Citation `Borda-de-Agua2012' on page 62 undefined on input line 17.


Package natbib Warning: Citation `Arellano2017' on page 62 undefined on input line 17.


Package natbib Warning: Citation `Magurran2003' on page 62 undefined on input line 17.


Package natbib Warning: Citation `Labra2005' on page 62 undefined on input line 17.


Package natbib Warning: Citation `Matthews2015' on page 62 undefined on input line 17.


Package natbib Warning: Citation `Hubbell2001' on page 62 undefined on input line 19.


Package natbib Warning: Citation `Vellend2016' on page 62 undefined on input line 19.



[62

]
<./Figures/chapter04/Fig_1.png, id=872, 463.4916pt x 497.81985pt>
File: ./Figures/chapter04/Fig_1.png Graphic file (type png)
<use ./Figures/chapter04/Fig_1.png>
Package pdftex.def Info: ./Figures/chapter04/Fig_1.png  used on input line 23.
(pdftex.def)             Requested size: 212.99654pt x 228.77202pt.


Package natbib Warning: Citation `Fauth1996' on page 63 undefined on input line 27.


Package natbib Warning: Citation `Lindeman1942' on page 63 undefined on input line 27.


Package natbib Warning: Citation `Odum1957' on page 63 undefined on input line 27.


Package natbib Warning: Citation `Turney2016' on page 63 undefined on input line 27.


Package natbib Warning: Citation `Hatton2015' on page 63 undefined on input line 27.


Package natbib Warning: Citation `Margalef1980' on page 63 undefined on input line 27.


Package natbib Warning: Citation `Spencer2000' on page 63 undefined on input line 29.


Package natbib Warning: Citation `Spencer2000' on page 63 undefined on input line 29.


Package natbib Warning: Citation `Dornelas2011' on page 63 undefined on input line 29.



[63 <./Figures/chapter04/Fig_1.png (PNG copy)>]

Package natbib Warning: Citation `Tokeshi1990' on page 64 undefined on input line 31.


Package natbib Warning: Citation `Sugihara2003' on page 64 undefined on input line 31.


Package natbib Warning: Citation `McCann2005' on page 64 undefined on input line 33.


Package natbib Warning: Citation `Borda-de-Agua2017' on page 64 undefined on input line 33.


Package natbib Warning: Citation `Holt1999' on page 64 undefined on input line 33.


Package natbib Warning: Citation `Phillips2002' on page 64 undefined on input line 35.


Package natbib Warning: Citation `Thibault2011' on page 64 undefined on input line 35.


Package natbib Warning: Citation `Fauth1996' on page 64 undefined on input line 41.


Package natbib Warning: Citation `Sugihara2003' on page 64 undefined on input line 41.


Package natbib Warning: Citation `Isaac2013' on page 64 undefined on input line 41.



[64]

Package natbib Warning: Citation `Tokeshi1990' on page 65 undefined on input line 43.


Package natbib Warning: Citation `Tokeshi1990' on page 65 undefined on input line 43.


Package natbib Warning: Citation `Williams2000' on page 65 undefined on input line 45.


Package natbib Warning: Citation `Williams2000' on page 65 undefined on input line 45.


Package natbib Warning: Citation `Dunne2006' on page 65 undefined on input line 45.


Package natbib Warning: Citation `Williams2008' on page 65 undefined on input line 45.


Package natbib Warning: Citation `Gravel2016' on page 65 undefined on input line 45.



[65]

Package natbib Warning: Citation `Bates2015' on page 66 undefined on input line 51.


Package natbib Warning: Citation `McGill2007' on page 66 undefined on input line 55.


Package natbib Warning: Citation `Matthews2015' on page 66 undefined on input line 55.


Package natbib Warning: Citation `Jost2006' on page 66 undefined on input line 57.


Package natbib Warning: Citation `Tuomisto2012' on page 66 undefined on input line 57.


Package natbib Warning: Citation `Smith1996' on page 66 undefined on input line 57.


Package natbib Warning: Citation `Brys2004' on page 66 undefined on input line 57.


Package natbib Warning: Citation `Phillips2002' on page 66 undefined on input line 63.


Package natbib Warning: Citation `Thibault2011' on page 66 undefined on input line 63.



[66]

Package natbib Warning: Citation `Wilman2014' on page 67 undefined on input line 65.

<./Figures/chapter04/Fig_2.png, id=896, 565.03094pt x 292.9344pt>
File: ./Figures/chapter04/Fig_2.png Graphic file (type png)
<use ./Figures/chapter04/Fig_2.png>
Package pdftex.def Info: ./Figures/chapter04/Fig_2.png  used on input line 68.
(pdftex.def)             Requested size: 426.0138pt x 220.86241pt.

Package natbib Warning: Citation `Smithson2006' on page 67 undefined on input line 74.


Package natbib Warning: Citation `Rigby2005' on page 67 undefined on input line 74.



[67 <./Figures/chapter04/Fig_2.png (PNG copy)>]

Package natbib Warning: Citation `Spencer2000' on page 68 undefined on input line 92.


Package natbib Warning: Citation `Spencer2000' on page 68 undefined on input line 92.


Package natbib Warning: Citation `Dornelas2011' on page 68 undefined on input line 92.

<./Figures/chapter04/Fig_3.png, id=909, 532.02765pt x 223.91655pt>
File: ./Figures/chapter04/Fig_3.png Graphic file (type png)
<use ./Figures/chapter04/Fig_3.png>
Package pdftex.def Info: ./Figures/chapter04/Fig_3.png  used on input line 101.
(pdftex.def)             Requested size: 426.02048pt x 179.30089pt.
LaTeX Font Info:    Font shape `T1/IbarraRealNova-LF/m/it' will be
(Font)              scaled to size 10.0pt on input line 107.


[68]

[69 <./Figures/chapter04/Fig_3.png (PNG copy)>]
<./Figures/chapter04/Fig_4.png, id=932, 478.15613pt x 363.77925pt>
File: ./Figures/chapter04/Fig_4.png Graphic file (type png)
<use ./Figures/chapter04/Fig_4.png>
Package pdftex.def Info: ./Figures/chapter04/Fig_4.png  used on input line 150.
(pdftex.def)             Requested size: 426.02455pt x 324.11777pt.


[70 <./Figures/chapter04/Fig_4.png (PNG copy)>]

[71]
<./Figures/chapter04/Fig_5.png, id=951, 569.0058pt x 518.05545pt>
File: ./Figures/chapter04/Fig_5.png Graphic file (type png)
<use ./Figures/chapter04/Fig_5.png>
Package pdftex.def Info: ./Figures/chapter04/Fig_5.png  used on input line 212.
(pdftex.def)             Requested size: 425.99794pt x 387.8529pt.


Package natbib Warning: Citation `Lindeman1942' on page 72 undefined on input line 218.


Package natbib Warning: Citation `Kefi2016a' on page 72 undefined on input line 218.


Underfull \vbox (badness 10000) has occurred while \output is active []



[72 <./Figures/chapter04/Fig_5.png (PNG copy)>]

Package natbib Warning: Citation `Holt2009a' on page 73 undefined on input line 220.


Package natbib Warning: Citation `Gravel2011' on page 73 undefined on input line 220.


Package natbib Warning: Citation `Tokeshi1990' on page 73 undefined on input line 222.


Package natbib Warning: Citation `Magurran2003' on page 73 undefined on input line 224.


Package natbib Warning: Citation `Sugihara2003' on page 73 undefined on input line 224.


Package natbib Warning: Citation `Austin1990' on page 73 undefined on input line 224.


Package natbib Warning: Citation `Wilman2014' on page 73 undefined on input line 224.


Package natbib Warning: Citation `Sugihara2003' on page 73 undefined on input line 224.


Package natbib Warning: Citation `Dunne2002' on page 73 undefined on input line 224.


Package natbib Warning: Citation `Gravel2011' on page 73 undefined on input line 224.



[73]

Package natbib Warning: Citation `Nantel1996' on page 74 undefined on input line 226.


Package natbib Warning: Citation `Reed2003' on page 74 undefined on input line 226.


Package natbib Warning: Citation `Spencer2000' on page 74 undefined on input line 228.


Package natbib Warning: Citation `Dornelas2011' on page 74 undefined on input line 228.


Package natbib Warning: Citation `Hurlbert2004' on page 74 undefined on input line 228.


Package natbib Warning: Citation `Bock2007' on page 74 undefined on input line 228.


Package natbib Warning: Citation `Spencer2000' on page 74 undefined on input line 228.


Package natbib Warning: Citation `Voigt2003' on page 74 undefined on input line 228.


Package natbib Warning: Citation `Menge1995' on page 74 undefined on input line 230.


Package natbib Warning: Citation `Montoya2009a' on page 74 undefined on input line 230.


Package natbib Warning: Citation `Pocock2012' on page 74 undefined on input line 230.


Package natbib Warning: Citation `Garcia-Callejas2018a' on page 74 undefined on input line 230.


Package natbib Warning: Citation `Sander2015' on page 74 undefined on input line 230.


Package natbib Warning: Citation `Kefi2016a' on page 74 undefined on input line 230.



[74]

Package natbib Warning: Citation `Chesson2008' on page 75 undefined on input line 232.


Package natbib Warning: Citation `Godoy2018' on page 75 undefined on input line 232.


Package natbib Warning: Citation `Seibold2018' on page 75 undefined on input line 232.


Package natbib Warning: Citation `Fauth1996' on page 75 undefined on input line 232.


Package natbib Warning: Citation `Ulrich2010' on page 75 undefined on input line 232.


Package natbib Warning: Citation `Baldridge2016' on page 75 undefined on input line 232.



[75])

[76]
\openout2 = `Chapters/Chapter05.aux'.

 (./Chapters/Chapter05.tex
<./Figures/cover/crow_1.jpg, id=976, 1366.8666pt x 1785.5508pt>
File: ./Figures/cover/crow_1.jpg Graphic file (type jpg)
<use ./Figures/cover/crow_1.jpg>
Package pdftex.def Info: ./Figures/cover/crow_1.jpg  used on input line 5.
(pdftex.def)             Requested size: 597.52296pt x 845.06674pt.


[77




 <./Figures/cover/crow_1.jpg>]

Package natbib Warning: Citation `Zhao2016a' on page 78 undefined on input line 15.


Package natbib Warning: Citation `Polis1994' on page 78 undefined on input line 15.


Package natbib Warning: Citation `Schmitz2000' on page 78 undefined on input line 15.


Package natbib Warning: Citation `Balcan2009' on page 78 undefined on input line 17.


Package natbib Warning: Citation `Barthelemy2011' on page 78 undefined on input line 17.


Package natbib Warning: Citation `Springer2018' on page 78 undefined on input line 17.


Package natbib Warning: Citation `Leibold2004' on page 78 undefined on input line 17.


Package natbib Warning: Citation `Chalfoun2002' on page 78 undefined on input line 17.


Package natbib Warning: Citation `Polis1997' on page 78 undefined on input line 17.


Package natbib Warning: Citation `Estes1998' on page 78 undefined on input line 17.


Package natbib Warning: Citation `Knight2005' on page 78 undefined on input line 17.



[78

]

Package natbib Warning: Citation `Allen2016' on page 79 undefined on input line 19.


Package natbib Warning: Citation `Christian2001' on page 79 undefined on input line 19.


Package natbib Warning: Citation `Polis1997' on page 79 undefined on input line 19.


Package natbib Warning: Citation `Orrock2008' on page 79 undefined on input line 19.


Package natbib Warning: Citation `Abrams1987' on page 79 undefined on input line 23.


Package natbib Warning: Citation `Berlow2004' on page 79 undefined on input line 23.


Package natbib Warning: Citation `Abrams1987' on page 79 undefined on input line 23.


Package natbib Warning: Citation `Wootton2002' on page 79 undefined on input line 23.


Package natbib Warning: Citation `Menge1995' on page 79 undefined on input line 23.


Package natbib Warning: Citation `Leibold2018' on page 79 undefined on input line 25.


Package natbib Warning: Citation `McCann2005' on page 79 undefined on input line 25.


Package natbib Warning: Citation `Orians1979' on page 79 undefined on input line 25.


Package natbib Warning: Citation `Swihart1988' on page 79 undefined on input line 25.



[79]
<./Figures/chapter05/Fig_1.png, id=993, 569.0058pt x 418.32285pt>
File: ./Figures/chapter05/Fig_1.png Graphic file (type png)
<use ./Figures/chapter05/Fig_1.png>
Package pdftex.def Info: ./Figures/chapter05/Fig_1.png  used on input line 28.
(pdftex.def)             Requested size: 404.70021pt x 297.52832pt.


Package natbib Warning: Citation `Gravel2016a' on page 80 undefined on input line 36.


Underfull \vbox (badness 10000) has occurred while \output is active []



[80 <./Figures/chapter05/Fig_1.png (PNG copy)>]

Package natbib Warning: Citation `Berlow2004' on page 81 undefined on input line 39.


Package natbib Warning: Citation `Novak2016' on page 81 undefined on input line 39.


Package natbib Warning: Citation `Bender1984' on page 81 undefined on input line 51.


Package natbib Warning: Citation `Montoya2009a' on page 81 undefined on input line 51.


Package natbib Warning: Citation `Novak2016' on page 81 undefined on input line 51.


Package natbib Warning: Citation `Novak2016' on page 81 undefined on input line 51.


Package natbib Warning: Citation `Gravel2016a' on page 81 undefined on input line 55.



[81]

Package natbib Warning: Citation `Gravel2016a' on page 82 undefined on input line 74.


Package natbib Warning: Citation `Williams2000' on page 82 undefined on input line 84.


Package natbib Warning: Citation `Jacquet2017' on page 82 undefined on input line 84.



[82]

Package natbib Warning: Citation `Newman2006' on page 83 undefined on input line 92.


Package natbib Warning: Citation `Csardi2006' on page 83 undefined on input line 92.


LaTeX Warning: `h' float specifier changed to `ht'.

<./Figures/chapter05/Fig_2.png, id=1019, 417.9615pt x 413.3844pt>
File: ./Figures/chapter05/Fig_2.png Graphic file (type png)
<use ./Figures/chapter05/Fig_2.png>
Package pdftex.def Info: ./Figures/chapter05/Fig_2.png  used on input line 129.
(pdftex.def)             Requested size: 298.20883pt x 294.94313pt.


[83]

[84 <./Figures/chapter05/Fig_2.png (PNG copy)>]
<./Figures/chapter05/Fig_3.png, id=1032, 473.48895pt x 449.2785pt>
File: ./Figures/chapter05/Fig_3.png Graphic file (type png)
<use ./Figures/chapter05/Fig_3.png>
Package pdftex.def Info: ./Figures/chapter05/Fig_3.png  used on input line 140.
(pdftex.def)             Requested size: 298.20569pt x 282.95782pt.
<./Figures/chapter05/Fig_4.png, id=1034, 720.17055pt x 260.8947pt>
File: ./Figures/chapter05/Fig_4.png Graphic file (type png)
<use ./Figures/chapter05/Fig_4.png>
Package pdftex.def Info: ./Figures/chapter05/Fig_4.png  used on input line 153.
(pdftex.def)             Requested size: 383.40285pt x 138.89455pt.


[85 <./Figures/chapter05/Fig_3.png (PNG copy)>]

Package natbib Warning: Citation `Abrams1992' on page 86 undefined on input line 161.


Package natbib Warning: Citation `Wootton2002' on page 86 undefined on input line 161.


Package natbib Warning: Citation `Gravel2010' on page 86 undefined on input line 161.


Package natbib Warning: Citation `Mayfield2017' on page 86 undefined on input line 161.


Package natbib Warning: Citation `Menge1995' on page 86 undefined on input line 161.


Package natbib Warning: Citation `Peacor1997' on page 86 undefined on input line 161.


Package natbib Warning: Citation `Moya-Larano2007' on page 86 undefined on input line 161.


Package natbib Warning: Citation `Barbosa2017' on page 86 undefined on input line 161.


Package natbib Warning: Citation `Trussell2017' on page 86 undefined on input line 161.


Package natbib Warning: Citation `Polis1997' on page 86 undefined on input line 161.


Package natbib Warning: Citation `Estes1998' on page 86 undefined on input line 161.


Package natbib Warning: Citation `Knight2005' on page 86 undefined on input line 161.


Package natbib Warning: Citation `Casini2012' on page 86 undefined on input line 161.


Package natbib Warning: Citation `Springer2018' on page 86 undefined on input line 161.


Package natbib Warning: Citation `Montoya2009a' on page 86 undefined on input line 163.


Package natbib Warning: Citation `Amarasekare2008' on page 86 undefined on input line 165.


Package natbib Warning: Citation `Massol2011' on page 86 undefined on input line 165.


Package natbib Warning: Citation `McCann2005' on page 86 undefined on input line 165.



[86 <./Figures/chapter05/Fig_4.png (PNG copy)>]

Package natbib Warning: Citation `Williams2002' on page 87 undefined on input line 167.


Package natbib Warning: Citation `Gounand2018' on page 87 undefined on input line 169.


Package natbib Warning: Citation `Gravel2010' on page 87 undefined on input line 169.


Package natbib Warning: Citation `Polis1997' on page 87 undefined on input line 169.


Package natbib Warning: Citation `Naiman2002' on page 87 undefined on input line 169.


Package natbib Warning: Citation `Levi2012' on page 87 undefined on input line 169.


Package natbib Warning: Citation `Loreau2003' on page 87 undefined on input line 169.


Package natbib Warning: Citation `Gounand2018' on page 87 undefined on input line 169.


Package natbib Warning: Citation `Helfield2006' on page 87 undefined on input line 169.


Package natbib Warning: Citation `Knight2005' on page 87 undefined on input line 169.



[87]

Package natbib Warning: Citation `Alerstam2018' on page 88 undefined on input line 171.


Package natbib Warning: Citation `Springer2018' on page 88 undefined on input line 171.

)

[88]

[89]
\openout2 = `Chapters/Chapter06.aux'.

 (./Chapters/Chapter06.tex

[90




]
<./Figures/cover/granada_2_pagina.jpg, id=1069, 1222.5675pt x 1222.5675pt>
File: ./Figures/cover/granada_2_pagina.jpg Graphic file (type jpg)
<use ./Figures/cover/granada_2_pagina.jpg>
Package pdftex.def Info: ./Figures/cover/granada_2_pagina.jpg  used on input line 5.
(pdftex.def)             Requested size: 597.4963pt x 845.04622pt.


[91 <./Figures/cover/granada_2_pagina.jpg>]

Package natbib Warning: Citation `Vitousek1994' on page 92 undefined on input line 15.


Package natbib Warning: Citation `Hart2013' on page 92 undefined on input line 15.


Package natbib Warning: Citation `Menge1987' on page 92 undefined on input line 17.


Package natbib Warning: Citation `Hutchinson1978' on page 92 undefined on input line 19.


Package natbib Warning: Citation `Austin1990' on page 92 undefined on input line 19.


Package natbib Warning: Citation `Bertness1994' on page 92 undefined on input line 19.


Package natbib Warning: Citation `Maestre2009' on page 92 undefined on input line 19.


Package natbib Warning: Citation `He2013' on page 92 undefined on input line 19.


Package natbib Warning: Citation `Tilman1980' on page 92 undefined on input line 19.


Package natbib Warning: Citation `Miller2005' on page 92 undefined on input line 19.


Package natbib Warning: Citation `Menge1987' on page 92 undefined on input line 19.


Package natbib Warning: Citation `Chesson2000' on page 92 undefined on input line 19.



[92

]

Package natbib Warning: Citation `Hutchinson1978' on page 93 undefined on input line 21.


Package natbib Warning: Citation `Austin1990' on page 93 undefined on input line 23.


Package natbib Warning: Citation `Hutchinson1978' on page 93 undefined on input line 31.


Package natbib Warning: Citation `Soberon2007' on page 93 undefined on input line 31.


Package natbib Warning: Citation `Austin1990' on page 93 undefined on input line 31.


Underfull \vbox (badness 10000) has occurred while \output is active []



[93]

Package natbib Warning: Citation `Fajardo2011' on page 94 undefined on input line 33.


Package natbib Warning: Citation `Austin1990' on page 94 undefined on input line 37.


Package natbib Warning: Citation `Maestre2009' on page 94 undefined on input line 39.

<./Figures/chapter06/Fig_1.png, id=1085, 427.999pt x 353.32pt>
File: ./Figures/chapter06/Fig_1.png Graphic file (type png)
<use ./Figures/chapter06/Fig_1.png>
Package pdftex.def Info: ./Figures/chapter06/Fig_1.png  used on input line 42.
(pdftex.def)             Requested size: 426.0pt x 351.69098pt.


[94]

Package natbib Warning: Citation `Maestre2009' on page 95 undefined on input line 51.


Underfull \vbox (badness 3713) has occurred while \output is active []



[95 <./Figures/chapter06/Fig_1.png (PNG copy)>]

Package natbib Warning: Citation `Fauth1996' on page 96 undefined on input line 53.


Package natbib Warning: Citation `Tuomisto2012' on page 96 undefined on input line 59.


Package natbib Warning: Citation `Wood2017' on page 96 undefined on input line 59.


Package natbib Warning: Citation `Wood2017' on page 96 undefined on input line 59.



[96]

[97]

LaTeX Warning: No positions in optional float specifier.
               Default added (so using `tbp') on input line 71.



[98]

LaTeX Warning: No positions in optional float specifier.
               Default added (so using `tbp') on input line 104.


Overfull \hbox (10.21144pt too wide) in paragraph at lines 106--115
[][] 
 []

<./Figures/chapter06/Fig_2.png, id=1127, 2634.84375pt x 3513.125pt>
File: ./Figures/chapter06/Fig_2.png Graphic file (type png)
<use ./Figures/chapter06/Fig_2.png>
Package pdftex.def Info: ./Figures/chapter06/Fig_2.png  used on input line 119.
(pdftex.def)             Requested size: 426.0pt x 567.95454pt.


[99



]

[100 <./Figures/chapter06/Fig_2.png (PNG copy)>]

Package natbib Warning: Citation `leRoux2010' on page 101 undefined on input line 130.


Package natbib Warning: Citation `Michalet2006' on page 101 undefined on input line 130.


Package natbib Warning: Citation `Smit2007' on page 101 undefined on input line 130.


Package natbib Warning: Citation `Michalet2014' on page 101 undefined on input line 130.


Package natbib Warning: Citation `Fukami2015' on page 101 undefined on input line 130.


Package natbib Warning: Citation `Smit2007' on page 101 undefined on input line 130.


Package natbib Warning: Citation `Partel1996' on page 101 undefined on input line 130.


Package natbib Warning: Citation `Maestre2009' on page 101 undefined on input line 132.



[101

]

Package natbib Warning: Citation `Chapin1987' on page 102 undefined on input line 138.


Package natbib Warning: Citation `Austin1994' on page 102 undefined on input line 138.


Package natbib Warning: Citation `Menge1987' on page 102 undefined on input line 138.


Package natbib Warning: Citation `Bruno2003' on page 102 undefined on input line 138.


Package natbib Warning: Citation `Voigt2003' on page 102 undefined on input line 138.


Package natbib Warning: Citation `Araujo2014' on page 102 undefined on input line 140.

)

[102]

[103]
\openout2 = `Chapters/Chapter07_discussion.aux'.

 (./Chapters/Chapter07_discussion.tex

[104




]
<./Figures/cover/carretera_nica_pagina.jpg, id=1160, 987.69pt x 1220.56pt>
File: ./Figures/cover/carretera_nica_pagina.jpg Graphic file (type jpg)
<use ./Figures/cover/carretera_nica_pagina.jpg>
Package pdftex.def Info: ./Figures/cover/carretera_nica_pagina.jpg  used on input line 6.
(pdftex.def)             Requested size: 597.50156pt x 845.07407pt.


[105 <./Figures/cover/carretera_nica_pagina.jpg>]

Package natbib Warning: Citation `Pachauri2015' on page 106 undefined on input line 10.


Package natbib Warning: Citation `Vitousek1994' on page 106 undefined on input line 10.


Package natbib Warning: Citation `Williams2000' on page 106 undefined on input line 10.


Package natbib Warning: Citation `Thebault2010' on page 106 undefined on input line 10.


Package natbib Warning: Citation `Kefi2015' on page 106 undefined on input line 10.


Package natbib Warning: Citation `Pocock2012' on page 106 undefined on input line 10.


Package natbib Warning: Citation `Pocock2012' on page 106 undefined on input line 14.


Package natbib Warning: Citation `Evans2013a' on page 106 undefined on input line 14.


Package natbib Warning: Citation `Kefi2016a' on page 106 undefined on input line 14.



[106

]

Package natbib Warning: Citation `Vazquez2005' on page 107 undefined on input line 16.


Package natbib Warning: Citation `Vazquez2007' on page 107 undefined on input line 16.


Package natbib Warning: Citation `Vazquez2012' on page 107 undefined on input line 16.


Package natbib Warning: Citation `Mougi2016a' on page 107 undefined on input line 18.


Package natbib Warning: Citation `Yang2010' on page 107 undefined on input line 18.


Package natbib Warning: Citation `Osorio2018' on page 107 undefined on input line 18.


Package natbib Warning: Citation `Morales-Castilla2015' on page 107 undefined on input line 18.


Package natbib Warning: Citation `Bartomeus2016' on page 107 undefined on input line 18.


Package natbib Warning: Citation `Laigle2018' on page 107 undefined on input line 18.


Package natbib Warning: Citation `Chesson2008' on page 107 undefined on input line 20.


Package natbib Warning: Citation `Godoy2018' on page 107 undefined on input line 20.


Package natbib Warning: Citation `Seibold2018' on page 107 undefined on input line 20.



[107]

[108]

Package natbib Warning: Citation `Jordano2016' on page 109 undefined on input line 30.


Package natbib Warning: Citation `Sunyer2016' on page 109 undefined on input line 32.


Package natbib Warning: Citation `Berlow2004' on page 109 undefined on input line 32.


Package natbib Warning: Citation `Wootton2005' on page 109 undefined on input line 32.


Package natbib Warning: Citation `Novak2010' on page 109 undefined on input line 32.


Package natbib Warning: Citation `Freckleton2009a' on page 109 undefined on input line 32.


Package natbib Warning: Citation `Hart2018' on page 109 undefined on input line 32.


Package natbib Warning: Citation `Vazquez2005' on page 109 undefined on input line 32.


Package natbib Warning: Citation `Vazquez2007' on page 109 undefined on input line 32.


Package natbib Warning: Citation `Holland2002' on page 109 undefined on input line 32.


Package natbib Warning: Citation `Seibold2018' on page 109 undefined on input line 32.


Package natbib Warning: Citation `Lafferty2006' on page 109 undefined on input line 32.


Package natbib Warning: Citation `Moss2004' on page 109 undefined on input line 32.


Package natbib Warning: Citation `Chase2007' on page 109 undefined on input line 32.


Package natbib Warning: Citation `Jiang2008' on page 109 undefined on input line 32.


Package natbib Warning: Citation `Fahimipour2014' on page 109 undefined on input line 32.



[109]

Package natbib Warning: Citation `Wainwright2017' on page 110 undefined on input line 36.


Package natbib Warning: Citation `Harvey2017' on page 110 undefined on input line 38.


Package natbib Warning: Citation `Menge1995' on page 110 undefined on input line 38.


Package natbib Warning: Citation `Suttle2007' on page 110 undefined on input line 38.


Package natbib Warning: Citation `Montoya2009a' on page 110 undefined on input line 38.


Package natbib Warning: Citation `Wang2018' on page 110 undefined on input line 38.


Package natbib Warning: Citation `Poisot2017' on page 110 undefined on input line 38.



[110]

[111])

[112]
\openout2 = `Chapters/Appendix_2_1.aux'.

 (./Chapters/Appendix_2_1.tex

[113





]
Underfull \vbox (badness 5203) has occurred while \output is active []



[114]
Underfull \vbox (badness 10000) has occurred while \output is active []



[115]

Package natbib Warning: Citation `Perez-Mellado2000' on page 116 undefined on input line 145.


Package natbib Warning: Citation `Perez-Mellado2006' on page 116 undefined on input line 145.


Package natbib Warning: Citation `Braack1986' on page 116 undefined on input line 145.



[116]

[117]
Underfull \vbox (badness 10000) has occurred while \output is active []



[118])

[119]
\openout2 = `Chapters/Appendix_2_2.aux'.

 (./Chapters/Appendix_2_2.tex

[120




]
<./Figures/Appendix2_2/ExFW_all.png, id=1247, 468.295pt x 544.215pt>
File: ./Figures/Appendix2_2/ExFW_all.png Graphic file (type png)
<use ./Figures/Appendix2_2/ExFW_all.png>
Package pdftex.def Info: ./Figures/Appendix2_2/ExFW_all.png  used on input line 18.
(pdftex.def)             Requested size: 255.6026pt x 297.04387pt.


[121]

Package natbib Warning: Citation `Kivela2014' on page 122 undefined on input line 27.


Package natbib Warning: Citation `Pocock2012' on page 122 undefined on input line 27.


Underfull \vbox (badness 3049) has occurred while \output is active []



[122 <./Figures/Appendix2_2/ExFW_all.png (PNG copy)>]
<./Figures/Appendix2_2/MLN_alternative.png, id=1262, 310.71773pt x 437.94754pt>
File: ./Figures/Appendix2_2/MLN_alternative.png Graphic file (type png)
<use ./Figures/Appendix2_2/MLN_alternative.png>
Package pdftex.def Info: ./Figures/Appendix2_2/MLN_alternative.png  used on input line 31.
(pdftex.def)             Requested size: 213.0pt x 300.22614pt.


Package natbib Warning: Citation `Kivela2014' on page 123 undefined on input line 38.


Package natbib Warning: Citation `Kivela2014' on page 123 undefined on input line 38.



[123 <./Figures/Appendix2_2/MLN_alternative.png>]
<./Figures/Appendix2_2/MLN_supra_adjacency_example.png, id=1271, 347.115pt x 398.58pt>
File: ./Figures/Appendix2_2/MLN_supra_adjacency_example.png Graphic file (type png)
<use ./Figures/Appendix2_2/MLN_supra_adjacency_example.png>
Package pdftex.def Info: ./Figures/Appendix2_2/MLN_supra_adjacency_example.png  used on input line 42.
(pdftex.def)             Requested size: 213.0pt x 244.5809pt.
<./Figures/Appendix2_2/MLN_supra_adjacency_AIRE.png, id=1272, 227.62886pt x 270.90431pt>
File: ./Figures/Appendix2_2/MLN_supra_adjacency_AIRE.png Graphic file (type png)
<use ./Figures/Appendix2_2/MLN_supra_adjacency_AIRE.png>
Package pdftex.def Info: ./Figures/Appendix2_2/MLN_supra_adjacency_AIRE.png  used on input line 49.
(pdftex.def)             Requested size: 255.6026pt x 304.20027pt.
)

[124 <./Figures/Appendix2_2/MLN_supra_adjacency_example.png>]

[125 <./Figures/Appendix2_2/MLN_supra_adjacency_AIRE.png>]
\openout2 = `Chapters/Appendix_2_3.aux'.

 (./Chapters/Appendix_2_3.tex

[126




]
<./Figures/Appendix2_3/Fig_1.png, id=1287, 854.44218pt x 286.06876pt>
File: ./Figures/Appendix2_3/Fig_1.png Graphic file (type png)
<use ./Figures/Appendix2_3/Fig_1.png>
Package pdftex.def Info: ./Figures/Appendix2_3/Fig_1.png  used on input line 12.
(pdftex.def)             Requested size: 426.0pt x 142.6237pt.
<./Figures/Appendix2_3/Fig_2.png, id=1290, 380.17032pt x 579.66562pt>
File: ./Figures/Appendix2_3/Fig_2.png Graphic file (type png)
<use ./Figures/Appendix2_3/Fig_2.png>
Package pdftex.def Info: ./Figures/Appendix2_3/Fig_2.png  used on input line 19.
(pdftex.def)             Requested size: 255.6026pt x 389.73607pt.
)

[127 <./Figures/Appendix2_3/Fig_1.png>]

[128 <./Figures/Appendix2_3/Fig_2.png (PNG copy)>]
\openout2 = `Chapters/Appendix_3_1.aux'.

 (./Chapters/Appendix_3_1.tex

[129




]

[130]

Package natbib Warning: Citation `Garcia-Algarra2014' on page 131 undefined on input line 120.


Package natbib Warning: Citation `RCoreTeam2018' on page 131 undefined on input line 146.


Package natbib Warning: Citation `Soetaert2012' on page 131 undefined on input line 146.

<./Figures/Appendix3_1/Fig_1.png, id=1315, 1664.619pt x 602.9727pt>
File: ./Figures/Appendix3_1/Fig_1.png Graphic file (type png)
<use ./Figures/Appendix3_1/Fig_1.png>
Package pdftex.def Info: ./Figures/Appendix3_1/Fig_1.png  used on input line 150.
(pdftex.def)             Requested size: 426.0pt x 154.30344pt.
Package microtype Info: Loading generic protrusion settings for font family
(microtype)             `cmtt' (encoding: T1).
(microtype)             For optimal results, create family-specific settings.
(microtype)             See the microtype manual for details.

Underfull \hbox (badness 10000) in paragraph at lines 159--160

 []



[131{c:/texlive/2025/texmf-dist/fonts/enc/dvips/cm-super/cm-super-t1.enc} <./Figures/Appendix3_1/Fig_1.png>]
Underfull \hbox (badness 10000) in paragraph at lines 183--184

 []

LaTeX Font Info:    Font shape `T1/cmtt/bx/n' in size <10.95> not available
(Font)              Font shape `T1/cmtt/m/n' tried instead on input line 189.

Underfull \hbox (badness 10000) in paragraph at lines 207--209

 []


Underfull \hbox (badness 10000) in paragraph at lines 216--218

 []



[132]
Underfull \hbox (badness 10000) in paragraph at lines 230--231

 []

<./Figures/Appendix3_1/Fig_2.png, id=1332, 436.5108pt x 219.7008pt>
File: ./Figures/Appendix3_1/Fig_2.png Graphic file (type png)
<use ./Figures/Appendix3_1/Fig_2.png>
Package pdftex.def Info: ./Figures/Appendix3_1/Fig_2.png  used on input line 234.
(pdftex.def)             Requested size: 426.0pt x 214.41357pt.

Underfull \hbox (badness 10000) in paragraph at lines 239--240

 []



[133 <./Figures/Appendix3_1/Fig_2.png>]
Underfull \hbox (badness 10000) in paragraph at lines 302--304

 []



[134]
Overfull \hbox (16.88542pt too wide) in paragraph at lines 355--356
\T1/IbarraRealNova-LF/m/n/12 (-20) Github repos-i-tory of David Gar-cía Calle-jas ([][]$\T1/cmtt/m/n/12 http : / / github . com / DavidGarciaCallejas /
 []



[135]
Underfull \hbox (badness 10000) in paragraph at lines 360--362

 []


Overfull \hbox (30.83844pt too wide) in paragraph at lines 365--365
[]   \T1/cmtt/m/n/12 competition     amensalism     antagonism      mutualism   commensalism[] 
 []


Overfull \hbox (30.83844pt too wide) in paragraph at lines 366--366
[]            \T1/cmtt/m/n/12 80             70             90             69             81[] 
 []


Underfull \hbox (badness 10000) in paragraph at lines 376--378

 []


Underfull \hbox (badness 10000) in paragraph at lines 389--391

 []


Underfull \hbox (badness 10000) in paragraph at lines 402--405

 []


Underfull \hbox (badness 10000) in paragraph at lines 417--420

 []



[136]
Underfull \hbox (badness 10000) in paragraph at lines 443--444

 []



[137]
<./Figures/Appendix3_1/Fig_3.png, id=1367, 459.6372pt x 312.9291pt>
File: ./Figures/Appendix3_1/Fig_3.png Graphic file (type png)
<use ./Figures/Appendix3_1/Fig_3.png>
Package pdftex.def Info: ./Figures/Appendix3_1/Fig_3.png  used on input line 502.
(pdftex.def)             Requested size: 426.0pt x 290.03262pt.
)

[138 <./Figures/Appendix3_1/Fig_3.png>]
\openout2 = `Chapters/Appendix_3_2.aux'.

 (./Chapters/Appendix_3_2.tex
pdfTeX warning (ext4): destination with the same identifier (name{table.7.1}) has been already used, duplicate ignored
<to be read again> 
                   \relax 
l.26 \end{longtable}
                    

[139




]
pdfTeX warning (ext4): destination with the same identifier (name{table.7.2}) has been already used, duplicate ignored
<to be read again> 
                   \relax 
l.86 \end{longtable}
                     [140]
pdfTeX warning (ext4): destination with the same identifier (name{table.7.3}) has been already used, duplicate ignored
<to be read again> 
                   \relax 
l.164 \end{longtable}
                      [141]
pdfTeX warning (ext4): destination with the same identifier (name{table.7.4}) has been already used, duplicate ignored
<to be read again> 
                   \relax 
l.201 \end{longtable}
                     

[142]
Overfull \hbox (18.97133pt too wide) in alignment at lines 237--242
 [] [] [] [] [] 
 []


Overfull \hbox (18.97133pt too wide) in alignment at lines 242--246
 [] [] [] [] [] 
 []


Overfull \hbox (18.97133pt too wide) in alignment at lines 246--358
 [] [] [] [] [] 
 []

[143] [144] [145]
<./Figures/Appendix3_2/Fig_1.png, id=1428, 843.15pt x 481.8pt>
File: ./Figures/Appendix3_2/Fig_1.png Graphic file (type png)
<use ./Figures/Appendix3_2/Fig_1.png>
Package pdftex.def Info: ./Figures/Appendix3_2/Fig_1.png  used on input line 382.
(pdftex.def)             Requested size: 426.0pt x 243.42838pt.
<./Figures/Appendix3_2/Fig_2.png, id=1429, 3788.1525pt x 3949.75626pt>
File: ./Figures/Appendix3_2/Fig_2.png Graphic file (type png)
<use ./Figures/Appendix3_2/Fig_2.png>
Package pdftex.def Info: ./Figures/Appendix3_2/Fig_2.png  used on input line 389.
(pdftex.def)             Requested size: 298.1987pt x 310.86415pt.
)

[146 <./Figures/Appendix3_2/Fig_1.png (PNG copy)>]

[147 <./Figures/Appendix3_2/Fig_2.png>]
\openout2 = `Chapters/Appendix_3_3.aux'.

 (./Chapters/Appendix_3_3.tex

[148




]
<./Figures/Appendix3_3/Fig_1.png, id=1448, 571.6557pt x 524.6802pt>
File: ./Figures/Appendix3_3/Fig_1.png Graphic file (type png)
<use ./Figures/Appendix3_3/Fig_1.png>
Package pdftex.def Info: ./Figures/Appendix3_3/Fig_1.png  used on input line 24.
(pdftex.def)             Requested size: 426.0pt x 391.01132pt.
<./Figures/Appendix3_3/Fig_2.png, id=1451, 708.246pt x 467.46645pt>
File: ./Figures/Appendix3_3/Fig_2.png Graphic file (type png)
<use ./Figures/Appendix3_3/Fig_2.png>
Package pdftex.def Info: ./Figures/Appendix3_3/Fig_2.png  used on input line 31.
(pdftex.def)             Requested size: 426.0pt x 281.18106pt.


[149]
<./Figures/Appendix3_3/Fig_3.png, id=1459, 708.246pt x 843.15pt>
File: ./Figures/Appendix3_3/Fig_3.png Graphic file (type png)
<use ./Figures/Appendix3_3/Fig_3.png>
Package pdftex.def Info: ./Figures/Appendix3_3/Fig_3.png  used on input line 40.
(pdftex.def)             Requested size: 426.0pt x 507.15471pt.


[150 <./Figures/Appendix3_3/Fig_1.png (PNG copy)>]

[151 <./Figures/Appendix3_3/Fig_2.png (PNG copy)>]

[152 <./Figures/Appendix3_3/Fig_3.png (PNG copy)>]

[153

]
<./Figures/Appendix3_3/Fig_4.png, id=1483, 602.25pt x 361.35pt>
File: ./Figures/Appendix3_3/Fig_4.png Graphic file (type png)
<use ./Figures/Appendix3_3/Fig_4.png>
Package pdftex.def Info: ./Figures/Appendix3_3/Fig_4.png  used on input line 76.
(pdftex.def)             Requested size: 426.0pt x 255.61192pt.
)

[154 <./Figures/Appendix3_3/Fig_4.png (PNG copy)>]
\openout2 = `Chapters/Appendix_3_4.aux'.

 (./Chapters/Appendix_3_4.tex

[155




]

Package amsmath Warning: Foreign command \over;
(amsmath)                \frac or \genfrac should be used instead
(amsmath)                 on input line 30.

<./Figures/Appendix3_4/Fig_1.png, id=1494, 808.82175pt x 351.2322pt>
File: ./Figures/Appendix3_4/Fig_1.png Graphic file (type png)
<use ./Figures/Appendix3_4/Fig_1.png>
Package pdftex.def Info: ./Figures/Appendix3_4/Fig_1.png  used on input line 47.
(pdftex.def)             Requested size: 426.0pt x 184.9892pt.


[156]

[157 <./Figures/Appendix3_4/Fig_1.png>]

Package natbib Warning: Citation `Ulanowicz2014a' on page 158 undefined on input line 80.

<./Figures/Appendix3_4/Fig_2.png, id=1506, 353.52075pt x 318.9516pt>
File: ./Figures/Appendix3_4/Fig_2.png Graphic file (type png)
<use ./Figures/Appendix3_4/Fig_2.png>
Package pdftex.def Info: ./Figures/Appendix3_4/Fig_2.png  used on input line 84.
(pdftex.def)             Requested size: 213.0pt x 192.17058pt.
)

[158 <./Figures/Appendix3_4/Fig_2.png (PNG copy)>]
\openout2 = `Chapters/Appendix_4_1.aux'.

 (./Chapters/Appendix_4_1.tex

[159




]

[160]
<./Figures/Appendix4_1/Fig_5.png, id=1526, 542.025pt x 421.575pt>
File: ./Figures/Appendix4_1/Fig_5.png Graphic file (type png)
<use ./Figures/Appendix4_1/Fig_5.png>
Package pdftex.def Info: ./Figures/Appendix4_1/Fig_5.png  used on input line 85.
(pdftex.def)             Requested size: 426.01161pt x 331.34236pt.
)

[161

 <./Figures/Appendix4_1/Fig_5.png (PNG copy)>]
\openout2 = `Chapters/Appendix_5_1.aux'.

 (./Chapters/Appendix_5_1.tex

[162




]

[163]
<./Figures/Appendix5_1/Fig_1.png, id=1553, 843.15pt x 301.125pt>
File: ./Figures/Appendix5_1/Fig_1.png Graphic file (type png)
<use ./Figures/Appendix5_1/Fig_1.png>
Package pdftex.def Info: ./Figures/Appendix5_1/Fig_1.png  used on input line 21.
(pdftex.def)             Requested size: 425.99966pt x 152.14273pt.


[164 <./Figures/Appendix5_1/Fig_1.png (PNG copy)>]
<./Figures/Appendix5_1/Fig_2.png, id=1558, 598.6365pt x 594.0594pt>
File: ./Figures/Appendix5_1/Fig_2.png Graphic file (type png)
<use ./Figures/Appendix5_1/Fig_2.png>
Package pdftex.def Info: ./Figures/Appendix5_1/Fig_2.png  used on input line 28.
(pdftex.def)             Requested size: 298.20311pt x 295.92308pt.
<./Figures/Appendix5_1/Fig_3.png, id=1561, 722.7pt x 602.25pt>
File: ./Figures/Appendix5_1/Fig_3.png Graphic file (type png)
<use ./Figures/Appendix5_1/Fig_3.png>
Package pdftex.def Info: ./Figures/Appendix5_1/Fig_3.png  used on input line 36.
(pdftex.def)             Requested size: 426.00334pt x 355.00278pt.
<./Figures/Appendix5_1/Fig_4.png, id=1566, 722.7pt x 602.25pt>
File: ./Figures/Appendix5_1/Fig_4.png Graphic file (type png)
<use ./Figures/Appendix5_1/Fig_4.png>
Package pdftex.def Info: ./Figures/Appendix5_1/Fig_4.png  used on input line 44.
(pdftex.def)             Requested size: 426.00334pt x 355.00278pt.
)

[165 <./Figures/Appendix5_1/Fig_2.png (PNG copy)>]

[166 <./Figures/Appendix5_1/Fig_3.png (PNG copy)>]

[167 <./Figures/Appendix5_1/Fig_4.png (PNG copy)>]
\openout2 = `Chapters/Appendix_6_1.aux'.

 (./Chapters/Appendix_6_1.tex

[168




]

Package natbib Warning: Citation `Maestre2009' on page 169 undefined on input line 10.


Package natbib Warning: Citation `Maestre2009' on page 169 undefined on input line 18.


LaTeX Warning: No positions in optional float specifier.
               Default added (so using `tbp') on input line 20.

<./Figures/Appendix6_1/Fig_1.png, id=1592, 1606.0pt x 1606.0pt>
File: ./Figures/Appendix6_1/Fig_1.png Graphic file (type png)
<use ./Figures/Appendix6_1/Fig_1.png>
Package pdftex.def Info: ./Figures/Appendix6_1/Fig_1.png  used on input line 38.
(pdftex.def)             Requested size: 213.0pt x 212.97778pt.
<./Figures/Appendix6_1/Fig_2.png, id=1593, 5018.75pt x 2509.375pt>
File: ./Figures/Appendix6_1/Fig_2.png Graphic file (type png)
<use ./Figures/Appendix6_1/Fig_2.png>
Package pdftex.def Info: ./Figures/Appendix6_1/Fig_2.png  used on input line 45.
(pdftex.def)             Requested size: 426.0pt x 212.96858pt.

Package natbib Warning: Citation `Maestre2009' on page 169 undefined on input line 46.


Package natbib Warning: Citation `Maestre2009' on page 169 undefined on input line 46.

<./Figures/Appendix6_1/Fig_3.png, id=1594, 470.7186pt x 470.7186pt>
File: ./Figures/Appendix6_1/Fig_3.png Graphic file (type png)
<use ./Figures/Appendix6_1/Fig_3.png>
Package pdftex.def Info: ./Figures/Appendix6_1/Fig_3.png  used on input line 52.
(pdftex.def)             Requested size: 426.0pt x 426.02025pt.
<./Figures/Appendix6_1/Fig_4.png, id=1595, 843.15pt x 240.9pt>
File: ./Figures/Appendix6_1/Fig_4.png Graphic file (type png)
<use ./Figures/Appendix6_1/Fig_4.png>
Package pdftex.def Info: ./Figures/Appendix6_1/Fig_4.png  used on input line 59.
(pdftex.def)             Requested size: 426.0pt x 121.71417pt.
)

[169]

[170 <./Figures/Appendix6_1/Fig_1.png> <./Figures/Appendix6_1/Fig_2.png (PNG copy)>]

[171 <./Figures/Appendix6_1/Fig_3.png (PNG copy)> <./Figures/Appendix6_1/Fig_4.png (PNG copy)>]
No file tfm.bbl.
No file tfm.ind.

Package natbib Warning: There were undefined citations.

\tf@toc=\write8
\openout8 = `tfm.toc'.

\tf@lof=\write9
\openout9 = `tfm.lof'.

\tf@lot=\write10
\openout10 = `tfm.lot'.

(c:/Users/cl415/Desktop/IC(CCP)/tfm/tfm_repo/out_dir/tfm.aux (c:/Users/cl415/Desktop/IC(CCP)/tfm/tfm_repo/out_dir/Chapters/Chapter01_intro.aux) (c:/Users/cl415/Desktop/IC(CCP)/tfm/tfm_repo/out_dir/Chapters/Chapter02.aux) (c:/Users/cl415/Desktop/IC(CCP)/tfm/tfm_repo/out_dir/Chapters/Chapter03.aux) (c:/Users/cl415/Desktop/IC(CCP)/tfm/tfm_repo/out_dir/Chapters/Chapter04.aux) (c:/Users/cl415/Desktop/IC(CCP)/tfm/tfm_repo/out_dir/Chapters/Chapter05.aux) (c:/Users/cl415/Desktop/IC(CCP)/tfm/tfm_repo/out_dir/Chapters/Chapter06.aux) (c:/Users/cl415/Desktop/IC(CCP)/tfm/tfm_repo/out_dir/Chapters/Chapter07_discussion.aux) (c:/Users/cl415/Desktop/IC(CCP)/tfm/tfm_repo/out_dir/Chapters/Appendix_2_1.aux) (c:/Users/cl415/Desktop/IC(CCP)/tfm/tfm_repo/out_dir/Chapters/Appendix_2_2.aux) (c:/Users/cl415/Desktop/IC(CCP)/tfm/tfm_repo/out_dir/Chapters/Appendix_2_3.aux) (c:/Users/cl415/Desktop/IC(CCP)/tfm/tfm_repo/out_dir/Chapters/Appendix_3_1.aux) (c:/Users/cl415/Desktop/IC(CCP)/tfm/tfm_repo/out_dir/Chapters/Appendix_3_2.aux) (c:/Users/cl415/Desktop/IC(CCP)/tfm/tfm_repo/out_dir/Chapters/Appendix_3_3.aux) (c:/Users/cl415/Desktop/IC(CCP)/tfm/tfm_repo/out_dir/Chapters/Appendix_3_4.aux) (c:/Users/cl415/Desktop/IC(CCP)/tfm/tfm_repo/out_dir/Chapters/Appendix_4_1.aux) (c:/Users/cl415/Desktop/IC(CCP)/tfm/tfm_repo/out_dir/Chapters/Appendix_5_1.aux) (c:/Users/cl415/Desktop/IC(CCP)/tfm/tfm_repo/out_dir/Chapters/Appendix_6_1.aux))
 ***********
LaTeX2e <2025-06-01> patch level 1
L3 programming layer <2020/03/25>
 ***********
Package rerunfilecheck Info: File `tfm.out' has not changed.
(rerunfilecheck)             Checksum: CF101A2FD216AA73375A49ED84DA1725;9366.
 ) 
Here is how much of TeX's memory you used:
 35813 strings out of 467748
 674461 string characters out of 5431138
 1166707 words of memory out of 5000000
 62633 multiletter control sequences out of 15000+600000
 971643 words of font info for 600 fonts, out of 8000000 for 9000
 1141 hyphenation exceptions out of 8191
 89i,18n,94p,3363b,817s stack positions out of 10000i,1000n,20000p,200000b,200000s
<c:/texlive/2025/texmf-dist/fonts/type1/public/ibarra/IbarraRealNova-Bold.pfb><c:/texlive/2025/texmf-dist/fonts/type1/public/ibarra/IbarraRealNova-Italic.pfb><c:/texlive/2025/texmf-dist/fonts/type1/public/ibarra/IbarraRealNova-Regular.pfb><c:/texlive/2025/texmf-dist/fonts/type1/public/amsfonts/cm/cmex10.pfb><c:/texlive/2025/texmf-dist/fonts/type1/public/amsfonts/cm/cmmi10.pfb><c:/texlive/2025/texmf-dist/fonts/type1/public/amsfonts/cm/cmmi12.pfb><c:/texlive/2025/texmf-dist/fonts/type1/public/amsfonts/cm/cmmi6.pfb><c:/texlive/2025/texmf-dist/fonts/type1/public/amsfonts/cm/cmmi7.pfb><c:/texlive/2025/texmf-dist/fonts/type1/public/amsfonts/cm/cmmi8.pfb><c:/texlive/2025/texmf-dist/fonts/type1/public/amsfonts/cm/cmr10.pfb><c:/texlive/2025/texmf-dist/fonts/type1/public/amsfonts/cm/cmr12.pfb><c:/texlive/2025/texmf-dist/fonts/type1/public/amsfonts/cm/cmr6.pfb><c:/texlive/2025/texmf-dist/fonts/type1/public/amsfonts/cm/cmr7.pfb><c:/texlive/2025/texmf-dist/fonts/type1/public/amsfonts/cm/cmr8.pfb><c:/texlive/2025/texmf-dist/fonts/type1/public/amsfonts/cm/cmsy10.pfb><c:/texlive/2025/texmf-dist/fonts/type1/public/amsfonts/cm/cmsy7.pfb><c:/texlive/2025/texmf-dist/fonts/type1/public/amsfonts/cm/cmsy8.pfb><c:/texlive/2025/texmf-dist/fonts/type1/public/amsfonts/cm/cmti12.pfb><c:/texlive/2025/texmf-dist/fonts/type1/public/amsfonts/cm/cmti8.pfb><c:/texlive/2025/texmf-dist/fonts/type1/public/amsfonts/symbols/msbm10.pfb><c:/texlive/2025/texmf-dist/fonts/type1/public/cm-super/sfit1095.pfb><c:/texlive/2025/texmf-dist/fonts/type1/public/cm-super/sfrm1200.pfb><c:/texlive/2025/texmf-dist/fonts/type1/public/cm-super/sftt1095.pfb><c:/texlive/2025/texmf-dist/fonts/type1/public/cm-super/sftt1200.pfb>
Output written on c:/Users/cl415/Desktop/IC(CCP)/tfm/tfm_repo/out_dir/tfm.pdf (183 pages, 54874651 bytes).
PDF statistics:
 1814 PDF objects out of 2073 (max. 8388607)
 1470 compressed objects within 15 object streams
 415 named destinations out of 1000 (max. 500000)
 88242 words of extra memory for PDF output out of 89155 (max. 10000000)

